date_extraction,temperature,temperature_min,temperature_max,ressentie,humidite,pression_mer,pression_sol,visibilite,vent_vitesse,vent_direction,nuages,condition,description,heure_lever_soleil,heure_coucher_soleil,timezone,ville_id
2025-06-29 00:01:57,20.18,19.36,20.5,20.42,83,1023,1023,10000,4.02,231,0,Clear,ciel dégagé,1751167279,1751227576,7200,49
2025-06-29 00:02:27,20.0,20.0,20.0,20.67,100,1020,1019,10000,3.6,240,75,Clouds,nuageux,1751166860,1751206635,10800,15
2025-06-29 00:00:39,23.81,22.24,25.55,24.57,89,1018,1017,3306,5.36,196,65,Rain,pluie modérée,1751106503,1751156573,-14400,26
2025-06-29 00:01:26,15.15,14.24,15.19,14.37,63,1006,988,10000,1.66,80,97,Clouds,couvert,1751158091,1751221053,10800,51
2025-06-29 00:01:12,24.76,24.76,25.78,25.9,100,1008,999,10000,2.06,180,75,Clouds,nuageux,1751141603,1751194642,32400,62
2025-06-29 00:00:09,17.28,17.28,17.96,17.2,82,1012,763,10000,6.17,130,100,Thunderstorm,orage et pluie fine,1751112058,1751159909,-21600,27
2025-06-29 00:00:20,21.15,21.15,21.15,21.41,80,1018,1017,10000,4.77,206,43,Clouds,partiellement nuageux,1751166238,1751206881,10800,63
2025-06-29 00:01:29,29.0,28.29,30.26,35.64,84,1015,1010,10000,0.0,0,40,Clouds,partiellement nuageux,1751104304,1751157233,-14400,4
2025-06-29 00:01:13,28.85,27.16,30.01,33.92,78,1015,1010,10000,1.34,281,17,Clouds,peu nuageux,1751103261,1751157201,-14400,3
2025-06-29 00:02:08,14.98,14.98,14.98,15.14,100,1022,882,10000,3.09,180,75,Drizzle,bruine légère,1751167389,1751206993,10800,60
2025-06-29 00:00:43,26.94,26.94,28.84,29.43,78,1007,1006,10000,4.15,209,100,Clouds,couvert,1751151202,1751197746,25200,19
2025-06-29 00:01:17,33.6,32.53,35.12,38.52,53,1013,995,10000,5.66,180,40,Clouds,partiellement nuageux,1751109697,1751161144,-18000,40
2025-06-29 00:03:06,22.41,20.57,23.01,22.85,82,1021,1016,10000,3.09,280,0,Clear,ciel dégagé,1751165180,1751225584,7200,20
2025-06-29 00:00:41,21.37,20.01,22.06,21.63,79,1025,1021,10000,3.09,250,0,Clear,ciel dégagé,1751168778,1751228485,3600,52
2025-06-29 00:00:20,24.94,24.94,24.94,25.4,73,1002,997,10000,1.26,78,57,Clouds,nuageux,1751143707,1751197617,28800,57
2025-06-29 00:01:18,31.72,30.64,32.84,37.94,65,1015,1013,10000,6.17,140,0,Clear,ciel dégagé,1751109807,1751160353,-18000,14
2025-06-29 00:01:59,13.2,12.76,13.58,13.06,95,1001,998,10000,7.6,195,75,Drizzle,bruine légère,1751158713,1751226518,10800,32
2025-06-29 00:00:30,25.32,24.92,26.07,26.02,81,1009,1009,10000,1.03,0,75,Clouds,nuageux,1751151724,1751195624,28800,48
2025-06-29 00:00:39,28.98,26.32,30.51,27.65,26,1021,948,10000,3.09,310,0,Clear,ciel dégagé,1751172440,1751226539,7200,59
2025-06-29 00:00:39,27.4,26.19,28.13,28.52,59,1021,1013,10000,0.45,279,0,Clear,ciel dégagé,1751170838,1751225328,7200,23
2025-06-29 00:03:27,35.96,31.14,35.96,39.42,41,993,993,10000,2.57,20,0,Clear,ciel dégagé,1751160677,1751209975,14400,46
2025-06-29 00:02:21,14.72,14.72,14.72,14.62,91,1023,892,10000,1.79,91,93,Clouds,couvert,1751167791,1751206808,10800,5
2025-06-29 00:01:50,20.66,19.93,22.4,20.64,71,1023,989,10000,2.57,270,0,Clear,ciel dégagé,1751165736,1751224543,7200,1
2025-06-29 00:01:08,21.9,21.9,21.9,22.05,73,1021,1015,10000,1.54,70,0,Clear,ciel dégagé,1751171499,1751224242,3600,6
2025-06-29 00:03:27,12.56,10.82,13.73,11.83,75,1025,1020,10000,4.63,310,0,Clear,ciel dégagé,1751144455,1751180158,36000,29
2025-06-29 00:02:27,13.73,13.73,13.73,13.64,95,1023,856,10000,1.52,63,99,Clouds,couvert,1751167617,1751207006,10800,30
2025-06-29 00:01:25,20.02,18.3,21.11,20.35,87,1014,1011,10000,1.34,340,99,Clouds,couvert,1751101787,1751156705,-14400,11
2025-06-29 00:01:21,28.73,28.73,28.99,27.22,18,1004,856,10000,0.0,0,0,Clear,ciel dégagé,1751160067,1751212450,12600,28
2025-06-29 00:01:57,16.7,16.21,16.86,16.54,81,1002,997,10000,6.17,240,25,Clouds,partiellement nuageux,1751160910,1751227620,7200,58
2025-06-29 00:00:21,26.98,25.9,27.25,28.06,60,1009,1005,10000,2.06,60,75,Clouds,nuageux,1751140049,1751192104,32400,43
2025-06-29 00:01:21,24.63,22.6,27.78,25.19,78,1018,984,10000,5.14,300,100,Rain,pluie modérée,1751106567,1751158324,-14400,10
2025-06-29 00:01:00,24.98,24.98,24.98,25.99,94,1015,1014,10000,2.57,240,20,Rain,légère pluie,1751177199,1751221932,0,2
2025-06-29 00:00:20,22.87,22.76,24.12,23.33,81,1019,1020,10000,4.12,110,0,Clear,ciel dégagé,1751103233,1751141888,-10800,7
2025-06-29 00:00:57,15.11,15.11,15.11,15.1,93,1017,837,10000,1.87,163,96,Clouds,couvert,1751168079,1751211449,10800,36
2025-06-29 00:02:35,19.79,19.79,19.79,19.89,79,1020,1019,10000,2.92,124,0,Clear,ciel dégagé,1751168842,1751207397,10800,45
2025-06-29 00:01:52,19.03,18.22,19.87,19.31,89,1025,1018,10000,3.09,270,0,Clear,ciel dégagé,1751167917,1751227197,7200,54
2025-06-29 00:03:06,22.05,21.16,22.95,21.85,59,1015,999,10000,11.18,290,40,Clouds,partiellement nuageux,1751103500,1751159004,-14400,39
2025-06-29 00:01:09,18.34,15.79,23.03,18.08,71,1013,1009,10000,6.71,294,25,Clouds,partiellement nuageux,1751115013,1751168135,-25200,21
2025-06-29 00:03:27,30.12,30.12,30.12,30.2,43,1015,1007,10000,0.49,191,0,Clear,ciel dégagé,1751174584,1751226275,3600,9
2025-06-29 00:00:52,27.26,24.98,29.43,29.7,74,1014,1013,10000,4.63,160,0,Clear,ciel dégagé,1751102833,1751157073,-14400,13
2025-06-29 00:03:02,31.95,31.95,31.95,29.75,15,994,990,10000,2.57,340,0,Clear,ciel dégagé,1751162136,1751213751,10800,47
2025-06-29 00:00:30,16.51,16.51,16.51,15.29,41,1011,890,10000,2.72,357,0,Clear,ciel dégagé,1751163761,1751217669,10800,65
2025-06-29 00:01:25,28.88,28.33,30.01,33.6,76,1019,1017,10000,4.12,130,40,Clouds,partiellement nuageux,1751106717,1751156160,-14400,37
2025-06-29 00:00:09,26.99,26.99,26.99,30.0,83,1004,1003,2500,2.06,220,75,Mist,brume,1751157242,1751204989,19800,55
2025-06-29 00:01:34,25.83,24.68,26.42,26.01,59,1020,1012,10000,5.14,330,0,Clear,ciel dégagé,1751174069,1751227518,3600,41
2025-06-29 00:00:09,29.19,27.36,30.36,31.36,60,1009,1008,10000,4.63,160,20,Clouds,peu nuageux,1751138877,1751191264,32400,31
2025-06-29 00:01:29,26.41,26.41,28.54,26.41,36,1001,994,10000,1.54,120,0,Clear,ciel dégagé,1751164187,1751215975,10800,24
2025-06-29 00:02:35,26.0,24.45,28.51,26.0,64,1015,994,10000,4.63,80,20,Clouds,peu nuageux,1751105877,1751160580,-18000,50
2025-06-29 00:00:30,22.02,20.43,22.81,22.37,80,1026,1016,10000,4.12,10,0,Clear,ciel dégagé,1751168999,1751227076,7200,53
2025-06-29 00:02:55,27.56,20.8,32.78,28.21,53,1013,994,10000,6.69,260,0,Clear,ciel dégagé,1751114645,1751166498,-25200,56
2025-06-29 00:01:00,26.51,24.98,27.15,26.51,75,1018,991,10000,3.6,290,40,Clouds,partiellement nuageux,1751106671,1751158592,-14400,8
2025-06-29 00:02:08,23.01,23.01,23.01,23.4,78,1017,1015,10000,1.03,0,40,Clouds,partiellement nuageux,1751167322,1751207646,10800,61
2025-06-29 00:03:02,32.55,32.55,32.55,30.22,11,999,930,10000,3.27,293,100,Clouds,couvert,1751162812,1751211961,10800,25
2025-06-29 00:00:47,22.4,20.51,24.58,22.86,83,1009,1005,10000,1.34,45,63,Clouds,nuageux,1751101679,1751158027,-14400,18
2025-06-29 00:02:01,17.38,17.38,17.38,17.24,79,1016,891,10000,5.13,155,10,Rain,légère pluie,1751167391,1751208474,10800,33
2025-06-29 00:01:17,26.11,25.51,26.43,26.11,30,1016,932,10000,5.7,348,21,Clouds,peu nuageux,1751112436,1751169792,-25200,38
2025-06-29 00:02:09,24.18,23.75,24.18,23.91,48,1020,1002,10000,0.6,192,0,Clear,ciel dégagé,1751169623,1751224939,7200,16
2025-06-29 00:02:58,30.07,29.03,30.74,37.07,83,1005,1000,10000,2.49,103,90,Clouds,couvert,1751146929,1751195470,28800,34
2025-06-29 00:01:08,23.57,20.96,24.33,23.78,69,1022,996,10000,1.79,317,0,Clear,ciel dégagé,1751165813,1751223530,7200,64
2025-06-29 00:01:04,21.12,21.12,21.12,20.02,28,1002,794,10000,1.69,267,12,Clouds,peu nuageux,1751155945,1751207933,16200,22
2025-06-29 00:00:09,20.82,19.49,22.2,21.1,82,1019,929,10000,2.57,50,0,Clear,ciel dégagé,1751104135,1751142632,-10800,12
2025-06-29 00:00:52,14.49,14.49,14.49,14.14,82,1014,770,10000,5.14,270,75,Clouds,nuageux,1751166542,1751212059,10800,44
2025-06-29 00:02:23,29.72,29.72,29.72,27.91,12,1015,954,10000,5.81,68,0,Clear,ciel dégagé,1751172864,1751222898,3600,35
2025-06-29 00:03:03,10.21,8.02,11.59,9.06,68,1028,940,10000,0.89,158,71,Clouds,nuageux,1751111238,1751147057,-14400,42
2025-06-29 00:00:09,27.92,27.92,27.92,31.04,74,1005,1004,10000,4.0,200,0,Clear,ciel dégagé,1751143963,1751194931,28800,17
2025-06-30 00:03:51,17.14,16.03,17.95,16.69,68,1024,1024,10000,2.57,80,0,Clear,ciel dégagé,1751253716,1751313961,7200,49
2025-06-30 00:04:00,19.0,19.0,19.0,19.41,94,1020,1019,10000,2.06,280,20,Clouds,peu nuageux,1751253266,1751293051,10800,15
2025-06-30 00:03:34,22.19,21.13,23.36,22.89,93,1019,1018,4023,7.72,250,100,Rain,pluie modérée,1751192923,1751242976,-14400,26
2025-06-30 00:03:09,11.94,11.29,12.24,11.17,76,991,972,10000,7.09,276,70,Clouds,nuageux,1751244534,1751307432,10800,51
2025-06-30 00:02:20,27.76,26.78,27.76,33.64,94,1011,1002,10000,3.6,170,75,Clouds,nuageux,1751228027,1751281040,32400,62
2025-06-30 00:02:44,16.73,15.96,16.73,16.81,90,1012,762,9656,6.17,100,100,Thunderstorm,orage et pluie fine,1751198475,1751246315,-21600,27
2025-06-30 00:04:07,21.4,21.4,21.4,21.87,87,1018,1017,10000,4.88,189,84,Clouds,nuageux,1751252645,1751293296,10800,63
2025-06-30 00:03:43,26.69,26.29,27.64,29.07,80,1015,1010,10000,1.54,80,75,Rain,pluie modérée,1751190728,1751243632,-14400,4
2025-06-30 00:03:00,30.66,28.77,31.68,35.1,64,1014,1009,10000,1.34,268,71,Clouds,nuageux,1751189687,1751243599,-14400,3
2025-06-30 00:03:59,10.98,10.98,10.98,10.74,100,1024,880,10000,2.57,130,20,Clouds,peu nuageux,1751253794,1751293410,10800,60
2025-06-30 00:02:26,27.39,24.94,28.86,33.12,99,1006,1006,10000,1.77,210,100,Clouds,couvert,1751237617,1751284153,25200,19
2025-06-30 00:03:43,33.71,32.86,35.29,38.09,51,1012,993,10000,5.14,160,20,Clouds,peu nuageux,1751196119,1751247545,-18000,40
2025-06-30 00:03:34,16.75,15.05,18.01,16.07,61,1022,1017,10000,4.92,320,0,Clear,ciel dégagé,1751251618,1751311969,7200,20
2025-06-30 00:02:26,20.68,18.84,21.45,20.87,79,1022,1018,10000,3.09,130,31,Clouds,partiellement nuageux,1751255214,1751314871,3600,52
2025-06-30 00:02:35,24.94,24.94,24.94,25.53,78,1003,999,10000,1.8,87,35,Clouds,partiellement nuageux,1751230133,1751284014,28800,57
2025-06-30 00:03:09,28.22,27.79,30.0,33.35,84,1014,1012,10000,2.06,180,75,Clouds,nuageux,1751196227,1751246755,-18000,14
2025-06-30 00:03:50,12.79,11.66,13.2,12.0,72,999,997,10000,8.94,308,0,Clear,ciel dégagé,1751245171,1751312883,10800,32
2025-06-30 00:02:29,27.93,26.92,28.85,32.54,84,1009,1008,10000,2.24,173,40,Clouds,partiellement nuageux,1751238136,1751282034,28800,48
2025-06-30 00:02:55,29.54,28.45,30.19,28.16,27,1020,947,10000,2.24,342,0,Clear,ciel dégagé,1751258867,1751312935,7200,59
2025-06-30 00:02:38,27.65,26.19,28.81,28.31,53,1017,1010,9000,2.24,294,0,Clear,ciel dégagé,1751257265,1751311723,7200,23
2025-06-30 00:03:35,31.96,31.14,31.96,38.96,70,992,992,10000,3.6,180,0,Clear,ciel dégagé,1751247096,1751296378,14400,46
2025-06-30 00:04:07,10.13,10.13,10.13,9.73,97,1024,891,9679,0.94,95,45,Clouds,partiellement nuageux,1751254196,1751293225,10800,5
2025-06-30 00:03:43,21.4,19.6,22.51,21.37,68,1022,988,10000,3.6,320,0,Clear,ciel dégagé,1751252171,1751310930,7200,1
2025-06-30 00:03:01,21.9,21.9,21.9,22.05,73,1017,1011,10000,1.03,120,0,Clear,ciel dégagé,1751257924,1751310640,3600,6
2025-06-30 00:03:34,12.55,11.61,13.46,11.66,69,1026,1021,10000,3.09,320,20,Clouds,peu nuageux,1751230856,1751266580,36000,29
2025-06-30 00:04:07,7.79,7.79,7.79,6.94,92,1025,855,10000,1.67,65,5,Clear,ciel dégagé,1751254023,1751293423,10800,30
2025-06-30 00:03:09,22.71,20.12,24.28,23.05,77,1014,1009,10000,1.79,140,2,Clear,ciel dégagé,1751188214,1751243101,-14400,11
2025-06-30 00:02:12,28.73,28.73,28.99,27.22,18,1001,854,10000,2.06,80,0,Clear,ciel dégagé,1751246490,1751298848,12600,28
2025-06-30 00:03:50,14.96,12.92,15.06,14.18,64,1007,1004,10000,5.66,310,26,Clouds,partiellement nuageux,1751247364,1751313988,7200,58
2025-06-30 00:02:35,29.95,29.93,29.96,35.16,71,1013,1008,10000,2.06,170,40,Clouds,partiellement nuageux,1751226471,1751278503,32400,43
2025-06-30 00:03:09,26.65,25.37,27.65,26.65,72,1016,983,10000,1.79,302,74,Clouds,nuageux,1751192989,1751244725,-14400,10
2025-06-30 00:02:52,25.98,25.98,25.98,25.98,89,1013,1013,10000,4.12,250,75,Clouds,nuageux,1751263612,1751308342,0,2
2025-06-30 00:02:35,23.42,20.97,23.98,23.72,73,1017,1019,10000,3.09,330,0,Clear,ciel dégagé,1751189638,1751228306,-10800,7
2025-06-30 00:02:44,14.48,14.48,14.48,14.07,80,1018,837,10000,1.78,107,89,Clouds,couvert,1751254490,1751297860,10800,36
2025-06-30 00:04:07,20.65,20.65,20.65,21.04,87,1021,1020,10000,5.2,145,17,Clouds,peu nuageux,1751255246,1751293816,10800,45
2025-06-30 00:03:50,18.39,17.92,19.32,18.58,88,1023,1016,10000,1.54,30,0,Clear,ciel dégagé,1751254353,1751313584,7200,54
2025-06-30 00:02:36,24.6,22.33,26.38,24.73,62,1013,999,10000,4.92,140,0,Clear,ciel dégagé,1751189928,1751245399,-14400,39
2025-06-30 00:03:02,17.2,15.23,22.47,16.88,73,1012,1008,10000,9.26,310,20,Haze,brume sèche,1751201438,1751254533,-25200,21
2025-06-30 00:03:34,29.12,29.12,29.12,28.55,38,1013,1005,10000,0.83,97,0,Clear,ciel dégagé,1751261007,1751312675,3600,9
2025-06-30 00:02:20,30.93,27.77,32.3,32.5,50,1013,1011,10000,2.57,100,20,Clouds,peu nuageux,1751189259,1751243471,-14400,13
2025-06-30 00:03:25,34.95,34.95,34.95,32.6,16,993,989,10000,3.09,20,0,Clear,ciel dégagé,1751248559,1751300150,10800,47
2025-06-30 00:02:30,11.51,11.51,11.51,10.49,68,1015,893,10000,2.31,360,0,Clear,ciel dégagé,1751250187,1751304065,10800,65
2025-06-30 00:03:09,28.72,27.78,30.0,33.2,76,1018,1017,10000,4.63,130,100,Clouds,couvert,1751193136,1751242564,-14400,37
2025-06-30 00:02:44,27.99,27.99,27.99,31.77,78,1003,1002,2500,5.66,260,75,Haze,brume sèche,1751243659,1751291394,19800,55
2025-06-30 00:03:43,27.15,25.32,29.49,27.19,44,1016,1008,10000,2.06,30,0,Clear,ciel dégagé,1751260495,1751313914,3600,41
2025-06-30 00:02:20,30.41,28.7,31.47,34.79,65,1011,1010,10000,5.66,180,75,Clouds,nuageux,1751225300,1751277663,32400,31
2025-06-30 00:03:43,25.41,25.41,26.88,25.91,73,1003,996,7000,1.03,10,40,Clouds,partiellement nuageux,1751250610,1751302375,10800,24
2025-06-30 00:02:12,31.51,29.49,32.04,35.96,60,1011,990,10000,7.72,140,75,Clouds,nuageux,1751192303,1751246976,-18000,50
2025-06-30 00:02:26,23.66,21.14,24.52,24.12,78,1021,1011,10000,3.09,30,0,Clear,ciel dégagé,1751255432,1751313465,7200,53
2025-06-30 00:02:12,26.26,20.53,31.84,26.26,52,1012,993,10000,6.69,240,0,Clear,ciel dégagé,1751201068,1751252899,-25200,56
2025-06-30 00:02:52,25.66,24.58,27.09,26.47,84,1017,989,10000,1.76,264,66,Clouds,nuageux,1751193094,1751244993,-14400,8
2025-06-30 00:03:59,22.01,22.01,22.01,22.04,68,1017,1015,10000,1.54,180,20,Clouds,peu nuageux,1751253728,1751294061,10800,61
2025-06-30 00:03:27,32.43,32.43,32.43,30.13,9,999,930,10000,6.06,269,100,Clouds,couvert,1751249231,1751298364,10800,25
2025-06-30 00:03:00,22.14,21.65,22.8,22.16,67,1014,1010,10000,6.69,240,75,Clouds,nuageux,1751188108,1751244421,-14400,18
2025-06-30 00:03:59,17.44,17.44,17.44,17.15,73,1016,891,10000,5.7,168,13,Clouds,peu nuageux,1751253799,1751294889,10800,33
2025-06-30 00:03:25,29.45,28.69,31.14,28.26,30,1015,933,10000,3.26,99,3,Clear,ciel dégagé,1751198866,1751256184,-25200,38
2025-06-30 00:03:59,23.62,23.62,24.75,23.5,56,1017,999,10000,1.39,326,0,Clear,ciel dégagé,1751256051,1751311333,7200,16
2025-06-30 00:03:25,27.93,27.46,28.03,32.7,85,1006,1001,10000,2.68,90,100,Clouds,couvert,1751233347,1751281875,28800,34
2025-06-30 00:02:52,22.4,20.92,23.96,22.52,70,1020,993,10000,2.06,260,0,Clear,ciel dégagé,1751252245,1751309919,7200,64
2025-06-30 00:02:52,22.24,22.24,22.24,21.22,27,1000,793,10000,1.85,256,2,Clear,ciel dégagé,1751242368,1751294332,16200,22
2025-06-30 00:02:44,18.83,18.75,18.94,18.78,77,1020,929,10000,0.0,0,0,Clear,ciel dégagé,1751190540,1751229050,-10800,12
2025-06-30 00:03:00,14.49,14.49,14.49,14.14,82,1014,769,10000,4.12,280,75,Rain,légère pluie,1751252956,1751298467,10800,44
2025-06-30 00:03:51,29.21,29.21,29.21,27.57,18,1013,952,10000,3.78,70,0,Clear,ciel dégagé,1751259284,1751309300,3600,35
2025-06-30 00:03:27,8.43,7.25,9.12,8.43,62,1022,936,10000,0.45,203,1,Clear,ciel dégagé,1751197639,1751233479,-14400,42
2025-06-30 00:02:06,30.92,30.92,30.92,36.24,66,1007,1007,10000,6.0,180,0,Clear,ciel dégagé,1751230385,1751281332,28800,17
2025-07-01 00:01:39,22.41,20.48,23.33,22.14,55,1016,1016,10000,4.63,120,0,Clear,ciel dégagé,1751340157,1751400342,7200,49
2025-07-01 00:02:04,20.0,20.0,20.0,20.51,94,1022,1021,10000,3.6,250,75,Rain,légère pluie,1751339671,1751379468,10800,15
2025-07-01 00:04:02,26.57,24.47,28.02,26.57,74,1018,1019,10000,3.6,140,75,Clouds,nuageux,1751279343,1751329378,-14400,26
2025-07-01 00:01:25,12.74,12.41,13.29,12.24,83,991,972,5946,7.88,321,100,Clouds,couvert,1751330981,1751393808,10800,51
2025-07-01 00:00:07,25.76,25.76,26.78,27.0,100,1013,1004,7000,4.12,200,75,Clouds,nuageux,1751314453,1751367437,32400,62
2025-07-01 00:01:02,20.52,18.39,20.53,19.93,50,1011,762,10000,6.17,180,100,Rain,légère pluie,1751284892,1751332720,-21600,27
2025-07-01 00:03:24,22.45,22.45,22.45,22.87,81,1018,1017,10000,5.22,179,59,Clouds,nuageux,1751339052,1751379712,10800,63
2025-07-01 00:01:33,30.11,29.16,30.82,35.81,72,1013,1008,10000,1.54,210,0,Clear,ciel dégagé,1751277153,1751330029,-14400,4
2025-07-01 00:01:08,26.61,25.42,27.22,26.61,89,1012,1008,10000,2.06,120,75,Clouds,nuageux,1751276113,1751329994,-14400,3
2025-07-01 00:01:54,13.98,13.98,13.98,13.89,94,1024,882,10000,2.57,150,40,Clouds,partiellement nuageux,1751340199,1751379827,10800,60
2025-07-01 00:03:23,27.88,26.94,28.84,31.37,77,1007,1006,10000,2.23,240,100,Clouds,couvert,1751324033,1751370559,25200,19
2025-07-01 00:01:17,33.7,32.86,35.42,38.4,52,1012,994,10000,6.17,190,20,Clouds,peu nuageux,1751282542,1751333945,-18000,40
2025-07-01 00:00:31,17.0,14.38,17.72,16.58,70,1021,1016,10000,2.57,60,0,Clear,ciel dégagé,1751338059,1751398350,7200,20
2025-07-01 00:03:20,23.13,21.62,24.23,23.35,71,1014,1010,10000,2.06,140,2,Clear,ciel dégagé,1751341653,1751401253,3600,52
2025-07-01 00:02:39,24.94,24.94,24.94,25.81,89,1004,1000,10000,2.0,153,100,Rain,pluie modérée,1751316560,1751370408,28800,57
2025-07-01 00:01:17,30.16,29.54,31.1,37.02,76,1015,1012,10000,5.14,150,0,Clear,ciel dégagé,1751282649,1751333156,-18000,14
2025-07-01 00:01:47,13.75,12.77,14.31,13.22,78,1011,1009,10000,8.94,322,20,Clouds,peu nuageux,1751331633,1751399243,10800,32
2025-07-01 00:00:26,27.98,26.97,28.85,32.68,84,1009,1009,10000,2.06,100,75,Clouds,nuageux,1751324547,1751368445,28800,48
2025-07-01 00:00:41,25.78,23.68,27.57,25.51,42,1016,944,10000,1.54,120,0,Clear,ciel dégagé,1751345295,1751399329,7200,59
2025-07-01 00:00:35,29.07,27.3,30.18,29.51,48,1016,1008,10000,4.63,320,0,Clear,ciel dégagé,1751343694,1751398116,7200,23
2025-07-01 00:00:45,32.96,30.14,32.96,39.96,66,994,993,8000,2.57,180,45,Clouds,partiellement nuageux,1751333516,1751382781,14400,46
2025-07-01 00:02:11,11.16,11.16,11.16,10.73,92,1026,893,10000,2.46,99,77,Clouds,nuageux,1751340600,1751379644,10800,5
2025-07-01 00:01:39,16.53,14.95,17.38,15.57,51,1021,986,10000,1.54,150,0,Clear,ciel dégagé,1751338608,1751397315,7200,1
2025-07-01 00:04:10,22.9,22.9,22.9,23.54,88,1014,1008,10000,1.54,70,0,Clear,ciel dégagé,1751344350,1751397036,3600,6
2025-07-01 00:00:45,11.36,10.76,12.42,10.88,89,1011,1007,3574,1.79,258,100,Rain,légère pluie,1751317254,1751353003,36000,29
2025-07-01 00:02:04,10.85,10.85,10.85,10.47,95,1025,857,10000,1.98,90,58,Clouds,nuageux,1751340427,1751379840,10800,30
2025-07-01 00:01:25,26.67,24.48,27.97,28.11,67,1013,1009,10000,5.66,180,40,Clouds,partiellement nuageux,1751274642,1751329495,-14400,11
2025-07-01 00:00:07,30.4,30.4,30.99,28.45,11,1000,853,10000,2.06,320,0,Clear,ciel dégagé,1751332915,1751385246,12600,28
2025-07-01 00:01:47,11.42,10.62,11.86,10.71,80,1017,1013,10000,1.03,130,20,Clouds,peu nuageux,1751333822,1751400352,7200,58
2025-07-01 00:02:48,29.79,28.53,31.06,35.98,76,1014,1010,10000,1.54,230,75,Clouds,nuageux,1751312896,1751364901,32400,43
2025-07-01 00:01:17,27.7,25.95,28.7,29.64,66,1014,981,10000,2.06,130,100,Clouds,couvert,1751279412,1751331124,-14400,10
2025-07-01 00:00:56,25.98,25.98,25.98,25.98,89,1015,1014,10000,4.12,220,20,Clouds,peu nuageux,1751350025,1751394751,0,2
2025-07-01 00:03:12,23.12,22.76,24.0,23.63,82,1021,1023,9000,5.14,180,75,Clouds,nuageux,1751276043,1751314724,-10800,7
2025-07-01 00:00:55,12.8,12.8,12.8,12.38,86,1019,837,10000,1.35,160,64,Clouds,nuageux,1751340901,1751384271,10800,36
2025-07-01 00:02:20,21.24,21.24,21.24,21.4,76,1021,1020,10000,7.33,118,0,Clear,ciel dégagé,1751341649,1751380234,10800,45
2025-07-01 00:01:39,21.32,20.36,23.17,21.52,77,1015,1009,10000,2.71,125,0,Clear,ciel dégagé,1751340791,1751399968,7200,54
2025-07-01 00:00:32,21.46,19.62,23.01,22.04,91,1008,993,10000,3.58,70,100,Clouds,couvert,1751276357,1751331792,-14400,39
2025-07-01 00:01:09,17.25,15.2,21.48,16.91,72,1011,1007,10000,8.75,300,20,Fog,brouillard,1751287863,1751340930,-25200,21
2025-07-01 00:00:46,27.96,25.12,27.96,29.96,65,1011,1003,10000,2.24,350,10,Clear,ciel dégagé,1751347431,1751399073,3600,9
2025-07-01 00:03:23,26.11,24.34,27.95,26.11,80,1013,1011,10000,2.68,248,75,Clouds,nuageux,1751275686,1751329866,-14400,13
2025-07-01 00:00:16,30.95,30.95,30.95,28.92,16,999,995,1500,3.09,350,0,Dust,poussière,1751334983,1751386549,10800,47
2025-07-01 00:00:31,17.34,14.51,17.34,16.85,66,1014,893,10000,2.33,25,0,Clear,ciel dégagé,1751336615,1751390460,10800,65
2025-07-01 00:01:25,28.77,27.78,30.01,33.13,75,1019,1019,10000,2.57,170,75,Clouds,nuageux,1751279556,1751328967,-14400,37
2025-07-01 00:01:02,27.99,27.99,27.99,31.77,78,1003,1003,2500,6.17,260,75,Mist,brume,1751330076,1751377799,19800,55
2025-07-01 00:01:33,26.42,25.32,27.33,26.42,43,1014,1006,10000,2.06,0,0,Clear,ciel dégagé,1751346922,1751400309,3600,41
2025-07-01 00:00:26,30.66,29.58,32.56,36.15,68,1013,1011,10000,6.69,180,75,Clouds,nuageux,1751311725,1751364061,32400,31
2025-07-01 00:01:33,26.41,25.77,26.41,26.41,39,1006,999,8000,2.06,100,20,Clouds,peu nuageux,1751337034,1751388773,10800,24
2025-07-01 00:00:07,30.68,28.93,31.14,32.1,50,1010,988,10000,0.89,326,55,Clouds,nuageux,1751278731,1751333370,-18000,50
2025-07-01 00:03:18,24.74,23.28,26.43,24.91,63,1015,1005,10000,1.54,330,0,Clear,ciel dégagé,1751341868,1751399851,7200,53
2025-07-01 00:00:17,26.08,20.53,31.84,26.08,52,1011,991,10000,7.2,250,0,Clear,ciel dégagé,1751287491,1751339297,-25200,56
2025-07-01 00:04:05,27.36,27.36,28.93,30.44,79,1014,988,10000,2.71,249,52,Clouds,nuageux,1751279517,1751331392,-14400,8
2025-07-01 00:02:04,25.01,25.01,25.01,25.16,61,1018,1016,10000,2.06,140,20,Clouds,peu nuageux,1751340134,1751380477,10800,61
2025-07-01 00:00:24,32.54,32.54,32.54,30.22,9,1000,930,10000,9.61,291,4,Clear,ciel dégagé,1751335650,1751384767,10800,25
2025-07-01 00:00:55,28.8,28.48,29.52,29.52,51,1010,1006,10000,3.6,160,40,Clouds,partiellement nuageux,1751274538,1751330813,-14400,18
2025-07-01 00:01:47,16.7,16.7,16.7,16.49,79,1017,892,10000,3.02,167,3,Clear,ciel dégagé,1751340206,1751381304,10800,33
2025-07-01 00:01:09,34.33,33.22,35.03,32.22,19,1009,928,10000,4.26,103,0,Clear,ciel dégagé,1751285299,1751342573,-25200,38
2025-07-01 00:01:55,24.94,23.7,25.75,24.9,54,1015,996,10000,2.13,37,11,Clouds,peu nuageux,1751342482,1751397724,7200,16
2025-07-01 00:00:16,27.49,26.08,28.03,32.17,90,1008,1003,10000,2.68,180,92,Clouds,couvert,1751319765,1751368278,28800,34
2025-07-01 00:04:10,19.16,16.5,20.54,18.46,51,1019,993,10000,2.57,330,0,Clear,ciel dégagé,1751338680,1751396306,7200,64
2025-07-01 00:04:07,20.45,20.45,20.45,19.23,26,1002,794,10000,1.57,257,0,Clear,ciel dégagé,1751328792,1751380730,16200,22
2025-07-01 00:01:02,15.56,14.69,16.16,15.47,88,1024,933,10000,4.63,180,100,Clouds,couvert,1751276944,1751315469,-10800,12
2025-07-01 00:00:55,12.49,12.49,12.49,12.25,94,1016,769,10000,2.06,330,75,Clouds,nuageux,1751339370,1751384875,10800,44
2025-07-01 00:01:55,29.49,29.49,29.49,27.93,23,1011,950,10000,7.67,52,0,Clear,ciel dégagé,1751345705,1751395701,3600,35
2025-07-01 00:00:24,11.15,9.93,11.76,9.89,60,1018,932,8000,2.06,140,100,Clouds,couvert,1751284039,1751319901,-14400,42
2025-07-01 00:00:49,30.92,30.92,30.92,37.38,70,1010,1010,10000,5.0,180,0,Clear,ciel dégagé,1751316807,1751367732,28800,17
2025-07-02 00:01:33,22.57,21.05,23.88,22.68,69,1013,1013,10000,2.57,280,0,Clear,ciel dégagé,1751426600,1751486720,7200,49
2025-07-02 00:01:53,22.0,22.0,22.0,22.42,83,1022,1021,10000,5.14,170,75,Rain,légère pluie,1751426075,1751465886,10800,15
2025-07-02 00:01:02,25.29,23.92,26.71,25.99,81,1017,1016,10000,5.66,210,40,Clouds,partiellement nuageux,1751365765,1751415778,-14400,26
2025-07-02 00:01:23,12.78,12.24,13.54,12.15,78,1002,984,10000,4.83,323,96,Clouds,couvert,1751417431,1751480179,10800,51
2025-07-02 00:00:31,27.76,27.76,27.78,34.68,100,1014,1005,10000,3.6,190,75,Clouds,nuageux,1751400880,1751453831,32400,62
2025-07-02 00:01:13,22.75,22.75,22.84,22.12,40,1014,763,10000,7.15,130,98,Clouds,couvert,1751371310,1751419124,-21600,27
2025-07-02 00:00:41,21.05,21.05,21.05,21.38,83,1019,1018,10000,6.15,184,23,Rain,légère pluie,1751425458,1751466127,10800,63
2025-07-02 00:01:23,25.55,25.2,26.32,26.59,93,1011,1006,10000,3.51,270,84,Clouds,nuageux,1751363579,1751416425,-14400,4
2025-07-02 00:01:46,23.43,22.16,24.44,24.34,96,1010,1005,10000,2.06,300,100,Rain,pluie modérée,1751362541,1751416388,-14400,3
2025-07-02 00:01:44,12.98,12.98,12.98,12.94,100,1024,883,10000,3.6,140,75,Rain,légère pluie,1751426603,1751466244,10800,60
2025-07-02 00:00:44,24.94,24.94,26.94,25.71,85,1008,1007,10000,1.68,304,100,Clouds,couvert,1751410449,1751456965,25200,19
2025-07-02 00:01:56,30.3,29.62,32.3,35.02,67,1015,997,10000,1.82,85,97,Clouds,couvert,1751368966,1751420343,-18000,40
2025-07-02 00:00:07,21.36,18.34,22.82,21.04,57,1017,1012,10000,2.68,108,0,Clear,ciel dégagé,1751424502,1751484728,7200,20
2025-07-02 00:00:41,21.01,19.87,22.27,21.12,75,1015,1011,10000,3.09,30,33,Clouds,partiellement nuageux,1751428095,1751487633,3600,52
2025-07-02 00:00:19,26.94,26.94,26.94,29.08,74,1007,1003,10000,0.5,129,93,Clouds,couvert,1751402989,1751456801,28800,57
2025-07-02 00:02:01,32.66,31.65,34.06,39.66,63,1014,1012,10000,5.66,130,0,Thunderstorm,orage,1751369071,1751419556,-18000,14
2025-07-02 00:01:44,13.56,12.99,14.99,12.96,76,1013,1011,10000,3.58,296,0,Clear,ciel dégagé,1751418100,1751485598,10800,32
2025-07-02 00:00:40,28.63,27.95,29.4,34.32,83,1009,1009,10000,3.6,130,75,Clouds,nuageux,1751410959,1751454855,28800,48
2025-07-02 00:00:19,28.16,26.32,28.73,27.54,36,1016,943,10000,1.79,152,0,Clear,ciel dégagé,1751431725,1751485721,7200,59
2025-07-02 00:00:19,28.35,25.66,29.27,28.13,42,1015,1007,10000,4.63,290,20,Clouds,peu nuageux,1751430124,1751484507,7200,23
2025-07-02 00:00:52,34.96,29.14,34.96,36.02,36,995,994,8000,1.54,290,80,Clouds,nuageux,1751419937,1751469182,14400,46
2025-07-02 00:01:53,11.48,11.48,11.48,11.19,96,1027,895,10000,5.52,107,100,Clouds,couvert,1751427003,1751466062,10800,5
2025-07-02 00:02:01,19.25,18.28,20.48,18.64,54,1019,985,10000,2.06,180,0,Clear,ciel dégagé,1751425048,1751483697,7200,1
2025-07-02 00:02:13,23.9,23.9,23.9,24.64,88,1013,1007,10000,0.51,0,40,Clouds,partiellement nuageux,1751430777,1751483431,3600,6
2025-07-02 00:00:52,13.96,12.97,14.61,13.76,90,1000,995,10000,13.89,210,75,Rain,petites averses,1751403652,1751439428,36000,29
2025-07-02 00:01:53,11.18,11.18,11.18,10.76,92,1026,857,10000,5.11,112,82,Clouds,nuageux,1751426831,1751466258,10800,30
2025-07-02 00:01:24,27.11,25.85,30.21,29.59,76,1007,1003,8397,3.89,241,99,Clouds,couvert,1751361072,1751415887,-14400,11
2025-07-02 00:01:14,25.99,25.99,25.99,25.99,31,999,853,8000,5.14,280,0,Clear,ciel dégagé,1751419342,1751471641,12600,28
2025-07-02 00:02:03,18.03,16.25,18.43,17.66,68,1014,1010,10000,1.54,240,20,Clouds,peu nuageux,1751420285,1751486711,7200,58
2025-07-02 00:00:30,30.08,27.42,31.06,34.99,69,1014,1010,10000,1.54,150,75,Clouds,nuageux,1751399321,1751451298,32400,43
2025-07-02 00:01:33,23.76,22.59,26.48,24.31,81,1013,980,805,4.12,130,100,Thunderstorm,orage et forte pluie,1751365836,1751417521,-14400,10
2025-07-02 00:02:04,24.98,24.98,24.98,25.99,94,1015,1014,9000,1.54,250,20,Clouds,peu nuageux,1751436438,1751481160,0,2
2025-07-02 00:00:30,20.21,19.97,20.54,20.74,94,1025,1027,5000,5.66,270,100,Mist,brume,1751362446,1751401143,-10800,7
2025-07-02 00:01:03,13.81,13.81,13.81,13.44,84,1019,838,10000,1.42,98,63,Clouds,nuageux,1751427311,1751470682,10800,36
2025-07-02 00:00:31,22.69,22.69,22.69,22.58,60,1022,1021,10000,7.91,80,4,Clear,ciel dégagé,1751428051,1751466654,10800,45
2025-07-02 00:01:33,23.02,22.14,24.31,23.26,72,1014,1008,10000,1.34,309,5,Clear,ciel dégagé,1751427232,1751486348,7200,54
2025-07-02 00:00:19,27.04,25.83,27.66,27.45,50,1009,993,10000,8.94,290,20,Clouds,peu nuageux,1751362788,1751418183,-14400,39
2025-07-02 00:01:33,16.64,14.62,20.25,16.34,76,1011,1007,10000,11.83,290,20,Clouds,peu nuageux,1751374290,1751427325,-25200,21
2025-07-02 00:00:54,24.07,23.12,24.07,24.7,83,1013,1005,10000,3.58,310,0,Clear,ciel dégagé,1751433856,1751485469,3600,9
2025-07-02 00:00:19,24.81,23.29,26.28,25.62,87,1009,1007,4828,5.66,190,100,Rain,pluie modérée,1751362115,1751416259,-14400,13
2025-07-02 00:01:02,26.95,26.95,26.95,26.24,26,999,995,8000,3.09,300,0,Clear,ciel dégagé,1751421407,1751472945,10800,47
2025-07-02 00:01:14,19.64,18.51,19.66,19.02,52,1015,894,10000,2.06,90,0,Clear,ciel dégagé,1751423044,1751476852,10800,65
2025-07-02 00:01:24,28.21,27.78,29.0,33.32,84,1017,1017,10000,1.79,117,65,Clouds,nuageux,1751365976,1751415368,-14400,37
2025-07-02 00:00:31,27.99,27.99,27.99,31.77,78,1003,1002,2500,6.17,260,75,Mist,brume,1751416494,1751464203,19800,55
2025-07-02 00:01:33,19.73,19.19,20.68,19.74,76,1015,1007,10000,6.17,330,20,Clouds,peu nuageux,1751433350,1751486702,3600,41
2025-07-02 00:00:45,27.88,26.31,28.69,31.95,81,1014,1012,8000,4.63,180,75,Clouds,nuageux,1751398151,1751450457,32400,31
2025-07-02 00:01:23,26.41,25.21,26.41,26.41,39,1006,1000,10000,2.06,110,0,Clear,ciel dégagé,1751423459,1751475169,10800,24
2025-07-02 00:00:07,28.53,26.68,30.1,29.18,51,1014,993,10000,1.34,100,2,Clear,ciel dégagé,1751365161,1751419763,-18000,50
2025-07-02 00:00:07,25.89,24.47,26.77,26.39,71,1014,1005,10000,1.54,0,0,Clear,ciel dégagé,1751428306,1751486234,7200,53
2025-07-02 00:00:07,24.57,19.17,29.62,24.62,59,1010,990,10000,8.23,250,0,Clear,ciel dégagé,1751373916,1751425695,-25200,56
2025-07-02 00:02:09,27.36,27.36,27.98,30.44,79,1013,986,10000,2.06,250,20,Clouds,peu nuageux,1751365942,1751417789,-14400,8
2025-07-02 00:02:14,21.01,21.01,21.01,20.84,64,1019,1017,10000,3.09,140,20,Clouds,peu nuageux,1751426539,1751466894,10800,61
2025-07-02 00:01:02,29.81,29.81,29.81,27.98,14,1003,933,10000,4.87,339,43,Clouds,partiellement nuageux,1751422071,1751471168,10800,25
2025-07-02 00:01:03,23.97,23.01,25.48,24.46,78,1005,1002,10000,2.57,310,100,Clouds,couvert,1751360971,1751417202,-14400,18
2025-07-02 00:01:44,17.37,17.37,17.37,17.17,77,1018,892,10000,5.06,157,99,Rain,légère pluie,1751426613,1751467719,10800,33
2025-07-02 00:01:37,35.67,34.09,36.93,33.95,21,1006,925,10000,3.02,291,95,Clouds,couvert,1751371734,1751428960,-25200,38
2025-07-02 00:01:43,24.33,24.18,24.81,24.59,68,1016,997,10000,1.51,136,5,Clear,ciel dégagé,1751428914,1751484114,7200,16
2025-07-02 00:00:07,29.82,29.13,30.64,36.82,85,1009,1004,10000,2.68,60,85,Clouds,couvert,1751406185,1751454681,28800,34
2025-07-02 00:02:09,18.25,16.01,20.08,17.65,58,1019,992,10000,2.06,260,0,Clear,ciel dégagé,1751425118,1751482691,7200,64
2025-07-02 00:02:05,20.7,20.7,20.7,19.3,18,1004,795,10000,1.38,268,0,Clear,ciel dégagé,1751415218,1751467126,16200,22
2025-07-02 00:01:14,12.65,11.92,13.38,12.29,89,1028,936,10000,4.63,180,75,Clouds,nuageux,1751363347,1751401888,-10800,12
2025-07-02 00:00:54,14.49,14.49,14.49,14.45,94,1017,770,10000,3.6,220,75,Rain,légère pluie,1751425784,1751471283,10800,44
2025-07-02 00:02:14,29.5,29.5,29.5,27.79,18,1012,950,10000,4.39,25,0,Clear,ciel dégagé,1751432127,1751482101,3600,35
2025-07-02 00:00:52,14.84,13.53,16.21,13.66,49,1020,934,8000,3.09,160,100,Clouds,couvert,1751370437,1751406325,-14400,42
2025-07-02 00:01:13,29.92,29.92,29.92,35.83,74,1011,1010,10000,3.0,160,0,Clear,ciel dégagé,1751403231,1751454130,28800,17
2025-07-05 12:46:43,25.34,25.34,25.34,25.6,64,1019,1010,10000,3.22,334,33,Clouds,partiellement nuageux,1751693138,1751744649,3600,9
2025-07-05 12:47:09,29.86,29.86,29.86,30.41,47,1017,1011,10000,4.69,53,0,Clear,ciel dégagé,1751690065,1751742604,3600,6
2025-07-05 12:47:03,19.4,19.4,19.4,19.15,67,1018,840,10000,1.78,91,93,Clouds,couvert,1751686541,1751729915,10800,36
2025-07-05 12:47:30,21.92,21.92,21.92,21.19,39,1013,994,10000,5.46,298,97,Clouds,couvert,1751676801,1751739271,10800,51
2025-07-05 12:47:36,19.61,19.61,19.61,18.85,47,1021,883,10000,4.9,89,12,Clouds,peu nuageux,1751685810,1751725500,10800,60
2025-07-05 12:45:32,32.19,32.19,32.19,36.61,57,1004,1000,10000,3.39,243,97,Clouds,couvert,1751658604,1751710477,32400,43
2025-07-05 12:46:21,25.72,25.72,25.72,25.16,31,1015,1010,10000,4.29,244,100,Clouds,couvert,1751683849,1751743843,7200,20
2025-07-05 12:45:34,33.27,33.27,33.27,38.1,54,1003,1003,10000,4.52,158,0,Clear,ciel dégagé,1751662506,1751713316,28800,17
2025-07-05 12:46:37,13.44,13.44,13.44,12.85,77,1021,1016,10000,2.71,12,100,Clouds,couvert,1751662835,1751698707,36000,29
2025-07-05 12:46:21,24.92,24.92,24.92,24.15,26,1016,897,10000,1.53,357,0,Clear,ciel dégagé,1751682340,1751736018,10800,65
2025-07-05 12:45:48,29.06,29.06,29.06,32.31,67,1005,996,10000,4.12,243,82,Clouds,nuageux,1751660169,1751713004,32400,62
2025-07-05 12:46:58,25.72,25.72,25.72,26.38,78,1017,1016,10000,3.82,185,100,Rain,légère pluie,1751695676,1751740383,0,2
2025-07-05 12:45:59,33.0,33.0,33.0,40.0,75,1001,996,10000,3.66,122,48,Clouds,partiellement nuageux,1751665446,1751713882,28800,34
2025-07-05 12:47:41,18.31,18.31,18.31,17.82,62,1018,893,10000,4.11,158,9,Clear,ciel dégagé,1751685829,1751726965,10800,33
2025-07-05 12:47:31,25.35,25.35,25.35,25.56,62,1018,1010,10000,0.63,290,4,Clear,ciel dégagé,1751692644,1751745870,3600,41
2025-07-05 12:46:30,23.73,23.73,23.73,24.56,92,1013,1013,10000,2.51,244,63,Clouds,nuageux,1751711458,1751761367,-14400,26
2025-07-05 12:45:48,34.47,34.47,34.47,41.47,61,1004,1004,10000,6.23,266,100,Clouds,couvert,1751669697,1751716178,25200,19
2025-07-05 12:45:48,17.18,17.18,17.18,16.83,72,1021,1019,10000,1.76,16,13,Clouds,peu nuageux,1751707845,1751761812,-14400,13
2025-07-05 12:45:32,15.5,15.5,15.5,14.86,67,1018,766,10000,0.64,348,49,Clouds,partiellement nuageux,1751716986,1751764731,-21600,27
2025-07-05 12:47:09,36.89,36.89,36.89,33.93,8,996,793,10000,1.81,5,0,Clear,ciel dégagé,1751674500,1751726305,16200,22
2025-07-05 12:47:32,26.12,26.12,26.12,26.12,41,1018,983,10000,2.42,221,61,Clouds,nuageux,1751684381,1751742826,7200,1
2025-07-05 12:45:32,31.15,31.15,31.15,34.18,56,1003,1001,10000,3.92,154,19,Clouds,peu nuageux,1751657436,1751709634,32400,31
2025-07-05 12:46:18,17.26,17.26,17.26,16.9,71,1019,1003,10000,1.0,147,79,Clouds,nuageux,1751708530,1751763724,-14400,39
2025-07-05 12:45:48,37.34,37.34,37.34,34.86,14,1000,855,10000,5.03,157,0,Clear,ciel dégagé,1751678627,1751730817,12600,28
2025-07-05 12:45:32,11.95,11.95,11.95,11.52,89,1026,935,10000,2.73,85,98,Clouds,couvert,1751708947,1751747570,-10800,12
2025-07-05 12:47:36,15.47,15.47,15.47,15.06,76,1010,1007,10000,6.39,241,98,Clouds,couvert,1751677527,1751744632,10800,32
2025-07-05 12:45:48,23.2,23.2,23.2,23.61,78,1016,995,10000,2.9,217,7,Clear,ciel dégagé,1751710895,1751765311,-18000,50
2025-07-05 12:47:31,29.28,29.28,29.28,31.03,57,1011,1004,10000,5.73,227,0,Clear,ciel dégagé,1751682741,1751734349,10800,24
2025-07-05 12:47:38,20.11,20.11,20.11,20.27,80,1022,1021,10000,3.4,214,99,Rain,légère pluie,1751685283,1751725140,10800,15
2025-07-05 12:47:29,24.97,24.97,24.97,25.77,86,1014,1013,10000,4.08,235,98,Clouds,couvert,1751711665,1751760962,-14400,37
2025-07-05 12:46:11,40.37,40.37,40.37,37.01,8,1004,934,10000,3.24,335,36,Clouds,partiellement nuageux,1751681336,1751730365,10800,25
2025-07-05 12:47:22,26.2,26.2,26.2,26.2,85,1014,1012,10000,1.81,175,53,Clouds,nuageux,1751714769,1751765140,-18000,14
2025-07-05 12:47:09,12.2,12.2,12.2,11.72,86,1019,1016,10000,3.76,269,1,Clear,ciel dégagé,1751720010,1751772887,-25200,21
2025-07-05 12:47:30,18.78,18.78,18.78,19.17,94,1021,1015,10000,0.93,33,4,Clear,ciel dégagé,1751709297,1751761989,-14400,4
2025-07-05 12:47:33,23.07,23.07,23.07,22.45,39,1017,1010,10000,6.94,247,69,Clouds,nuageux,1751686569,1751745473,7200,54
2025-07-05 12:46:28,31.13,31.13,31.13,29.97,31,1017,944,10000,1.57,63,0,Clear,ciel dégagé,1751691022,1751744884,7200,59
2025-07-05 12:47:40,36.32,36.32,36.32,33.72,13,1013,952,10000,10.27,62,0,Clear,ciel dégagé,1751691398,1751741291,3600,35
2025-07-05 12:46:28,30.7,30.7,30.7,32.51,52,1018,1010,10000,3.24,124,0,Clear,ciel dégagé,1751689425,1751743668,7200,23
2025-07-05 12:47:38,18.88,18.88,18.88,17.87,40,1022,893,10000,4.32,66,0,Clear,ciel dégagé,1751686206,1751725321,10800,5
2025-07-05 12:45:59,38.72,38.72,38.72,35.75,10,1002,998,10000,7.84,301,0,Clear,ciel dégagé,1751680688,1751732127,10800,47
2025-07-05 12:47:40,25.3,25.3,25.3,25.3,54,1019,1018,10000,5.57,148,42,Clouds,partiellement nuageux,1751684671,1751725376,10800,63
2025-07-05 12:46:38,38.02,38.02,38.02,45.02,60,995,995,10000,6.18,280,84,Clouds,nuageux,1751679203,1751728378,14400,46
2025-07-05 12:47:39,25.96,25.96,25.96,25.96,41,1020,1019,10000,3.69,258,0,Clear,ciel dégagé,1751687251,1751725916,10800,45
2025-07-05 12:45:47,19.57,19.57,19.57,19.46,72,1016,1011,10000,5.07,241,100,Clouds,couvert,1751687436,1751746754,3600,52
2025-07-05 12:45:32,27.29,27.29,27.29,30.97,85,1004,1003,10000,8.72,238,100,Clouds,couvert,1751675750,1751723408,19800,55
2025-07-05 12:45:52,18.73,18.73,18.73,18.62,75,1017,997,10000,1.27,151,0,Clear,ciel dégagé,1751719625,1751771268,-25200,56
2025-07-05 12:47:37,30.78,30.78,30.78,29.51,30,1015,997,10000,5.33,293,8,Clear,ciel dégagé,1751688220,1751743269,7200,16
2025-07-05 12:46:43,19.82,19.82,19.82,19.37,58,1015,772,8898,1.93,115,52,Rain,légère pluie,1751685027,1751730502,10800,44
2025-07-05 12:47:22,24.4,24.4,24.4,25.3,92,1014,996,10000,3.22,153,61,Clouds,nuageux,1751714671,1751765920,-18000,40
2025-07-05 12:46:23,27.03,27.03,27.03,28.82,69,1008,1008,10000,3.75,218,76,Clouds,nuageux,1751670192,1751714084,28800,48
2025-07-05 12:47:09,26.6,26.6,26.6,26.6,38,1019,992,10000,2.8,128,7,Clear,ciel dégagé,1751684442,1751741828,7200,64
2025-07-05 12:46:54,16.42,16.42,16.42,16.15,78,1020,1016,10000,2.4,229,100,Clouds,couvert,1751706721,1751762735,-14400,18
2025-07-05 12:47:29,15.46,15.46,15.46,15.05,76,1021,1016,10000,1.64,291,80,Clouds,nuageux,1751706808,1751761434,-14400,11
2025-07-05 12:46:01,12.66,12.66,12.66,11.52,59,1015,929,10000,1.69,224,100,Clouds,couvert,1751716014,1751752030,-14400,42
2025-07-05 12:45:48,23.28,23.28,23.28,22.66,38,1020,1010,10000,2.46,271,92,Clouds,couvert,1751687633,1751745368,7200,53
2025-07-05 12:47:17,16.8,16.8,16.8,16.73,84,1021,1016,10000,0.3,354,65,Clouds,nuageux,1751708268,1751761944,-14400,3
2025-07-05 12:47:37,28.35,28.35,28.35,28.05,41,1018,1016,10000,3.15,113,68,Clouds,nuageux,1751685750,1751726144,10800,61
2025-07-05 12:45:34,15.08,15.08,15.08,15.02,91,1025,1027,10000,1.94,345,0,Clear,ciel dégagé,1751708048,1751746824,-10800,7
2025-07-05 12:46:55,21.77,21.77,21.77,22.25,86,1019,992,10000,1.56,40,0,Clear,ciel dégagé,1751711651,1751763362,-14400,8
2025-07-05 12:45:32,35.51,35.51,35.51,36.68,35,999,994,10000,5.23,349,8,Clear,ciel dégagé,1751662284,1751715968,28800,57
2025-07-05 12:47:33,20.87,20.87,20.87,20.87,71,1015,1015,10000,6.51,249,81,Clouds,nuageux,1751685946,1751745836,7200,49
2025-07-05 12:47:09,14.21,14.21,14.21,13.36,64,1017,934,10000,2.23,294,100,Clouds,couvert,1751717495,1751774482,-25200,38
2025-07-05 12:47:35,14.07,14.07,14.07,13.67,82,1008,1003,10000,3.46,201,100,Rain,légère pluie,1751679698,1751745759,7200,58
2025-07-05 12:47:23,21.24,21.24,21.24,21.38,75,1018,985,10000,2.54,69,0,Clear,ciel dégagé,1751711544,1751763096,-14400,10
2025-07-05 12:47:38,19.05,19.05,19.05,17.98,37,1021,858,10000,3.32,63,4,Clear,ciel dégagé,1751686036,1751725515,10800,30
