time,weather_code,temperature_2m_min,temperature_2m_max,wind_speed_10m_max,wind_gusts_10m_max,uv_index_max,precipitation_sum,precipitation_probability_max,temperature_2m_mean,dew_point_2m_mean,cloud_cover_mean,cloud_cover_min,cloud_cover_max,dew_point_2m_max,dew_point_2m_min,relative_humidity_2m_max,relative_humidity_2m_min,relative_humidity_2m_mean,visibility_mean,visibility_min,visibility_max,wind_speed_10m_mean,city
2023-06-10,63.0,25.2,29.0,9.9,20.9,,20.7,,27.0,25.3,98.0,77.0,100.0,26.1,24.7,97.0,82.0,91.0,,,,5.1,Hong Kong
2023-06-11,65.0,25.3,28.7,13.7,29.5,,43.4,,26.7,25.3,100.0,97.0,100.0,26.3,24.0,96.0,85.0,92.0,,,,7.4,Hong Kong
2023-06-12,51.0,26.4,29.8,14.8,31.3,,0.7,,28.1,25.8,80.0,16.0,100.0,26.3,25.4,95.0,81.0,88.0,,,,10.3,Hong Kong
2023-06-13,63.0,25.8,29.5,9.2,23.8,,11.1,,27.4,25.8,99.0,81.0,100.0,26.5,24.8,97.0,83.0,91.0,,,,6.3,Hong Kong
2023-06-14,63.0,25.7,28.7,13.0,28.1,,15.9,,27.0,25.6,100.0,97.0,100.0,26.4,25.0,98.0,84.0,92.0,,,,5.8,Hong Kong
2023-06-15,63.0,25.2,27.8,16.3,32.8,,25.5,,26.4,25.2,100.0,92.0,100.0,25.9,24.6,98.0,87.0,93.0,,,,7.2,Hong Kong
2023-06-16,63.0,25.5,26.7,16.4,34.9,,32.4,,26.1,25.4,100.0,100.0,100.0,25.7,24.7,98.0,92.0,96.0,,,,9.4,Hong Kong
2023-06-17,63.0,24.6,27.1,17.7,37.4,,23.7,,26.2,24.9,100.0,100.0,100.0,25.7,23.9,98.0,87.0,93.0,,,,10.4,Hong Kong
2023-06-18,53.0,26.0,28.1,20.9,45.7,,5.5,,27.2,25.5,100.0,100.0,100.0,26.2,25.0,96.0,85.0,90.0,,,,15.8,Hong Kong
2023-06-19,63.0,25.7,29.5,22.2,44.3,,11.6,,27.7,25.7,89.0,52.0,100.0,26.3,25.0,97.0,81.0,89.0,,,,15.3,Hong Kong
2023-06-20,55.0,27.1,30.0,21.5,43.6,,6.2,,28.3,26.1,41.0,7.0,80.0,26.6,25.1,93.0,80.0,88.0,,,,15.6,Hong Kong
2023-06-21,53.0,27.2,30.4,22.7,45.7,,3.2,,28.9,26.1,67.0,14.0,99.0,26.7,25.5,91.0,77.0,85.0,,,,16.7,Hong Kong
2023-06-22,53.0,27.8,30.4,21.8,43.6,,3.2,,29.1,26.0,81.0,14.0,100.0,26.4,25.5,91.0,77.0,84.0,,,,17.4,Hong Kong
2023-06-23,63.0,25.8,28.8,19.7,41.8,,18.9,,27.4,25.6,100.0,99.0,100.0,26.4,24.5,97.0,83.0,90.0,,,,12.6,Hong Kong
2023-06-24,61.0,24.5,27.9,18.9,42.1,,11.3,,26.4,25.2,100.0,100.0,100.0,26.5,23.9,98.0,87.0,93.0,,,,12.0,Hong Kong
2023-06-25,63.0,25.2,29.5,12.8,32.4,,6.8,,27.6,25.4,99.0,85.0,100.0,26.5,24.6,96.0,78.0,88.0,,,,7.9,Hong Kong
2023-06-26,63.0,24.4,28.6,15.1,36.4,,8.0,,26.8,25.1,94.0,53.0,100.0,26.2,23.9,99.0,83.0,91.0,,,,11.3,Hong Kong
2023-06-27,55.0,25.2,30.3,19.1,37.1,,3.8,,27.5,25.6,75.0,8.0,100.0,26.6,24.2,96.0,80.0,89.0,,,,11.7,Hong Kong
2023-06-28,61.0,25.9,30.3,14.9,34.6,,4.0,,27.5,25.4,82.0,32.0,100.0,26.1,25.0,97.0,79.0,89.0,,,,9.9,Hong Kong
2023-06-29,51.0,25.5,29.8,9.4,25.9,,1.1,,27.7,25.7,87.0,20.0,100.0,26.5,24.9,96.0,80.0,89.0,,,,5.7,Hong Kong
2023-06-30,63.0,26.5,29.4,13.9,31.3,,8.4,,27.8,25.9,99.0,92.0,100.0,26.7,25.2,95.0,80.0,89.0,,,,9.2,Hong Kong
2023-07-01,63.0,26.2,29.2,14.5,27.4,,11.6,,27.5,25.7,100.0,100.0,100.0,26.4,25.3,98.0,84.0,90.0,,,,8.0,Hong Kong
2023-07-02,63.0,26.0,27.8,15.1,34.2,,21.9,,26.8,25.1,100.0,98.0,100.0,25.8,24.6,99.0,85.0,90.0,,,,10.1,Hong Kong
2023-07-03,63.0,25.0,29.6,19.9,45.4,,23.1,,26.7,25.3,84.0,31.0,100.0,26.1,24.6,99.0,80.0,93.0,,,,11.1,Hong Kong
2023-07-04,63.0,25.1,29.6,18.6,43.9,,15.7,,27.4,25.3,80.0,37.0,100.0,26.2,24.6,99.0,79.0,89.0,,,,12.8,Hong Kong
2023-07-05,53.0,27.0,30.8,20.6,45.4,,3.7,,28.8,25.9,59.0,8.0,100.0,26.4,25.4,94.0,75.0,85.0,,,,16.2,Hong Kong
2023-07-06,53.0,27.8,30.5,23.5,50.4,,3.0,,29.0,25.5,50.0,23.0,95.0,26.0,24.9,88.0,74.0,82.0,,,,18.0,Hong Kong
2023-07-07,51.0,27.3,31.3,20.7,45.7,,0.5,,29.0,25.2,60.0,23.0,100.0,26.4,24.4,95.0,67.0,80.0,,,,16.8,Hong Kong
2023-07-08,51.0,27.2,30.7,18.6,41.8,,1.2,,28.8,25.8,25.0,11.0,91.0,26.2,25.4,93.0,74.0,84.0,,,,14.6,Hong Kong
2023-07-09,53.0,27.6,31.0,16.2,36.4,,1.1,,28.8,25.9,33.0,3.0,88.0,26.6,25.3,88.0,76.0,85.0,,,,12.9,Hong Kong
2023-07-10,55.0,27.4,31.4,17.5,40.0,,2.4,,29.0,26.1,12.0,0.0,40.0,26.4,25.7,93.0,72.0,84.0,,,,13.2,Hong Kong
2023-07-11,51.0,27.3,30.6,15.6,37.1,,1.3,,28.8,26.0,15.0,0.0,47.0,26.6,25.6,91.0,76.0,85.0,,,,11.4,Hong Kong
2023-07-12,53.0,26.5,30.8,12.7,30.6,,2.4,,28.7,25.4,30.0,1.0,99.0,26.7,24.4,95.0,72.0,83.0,,,,8.9,Hong Kong
2023-07-13,3.0,25.6,31.4,11.8,29.5,,0.0,,28.8,24.9,44.0,0.0,99.0,26.0,23.8,90.0,68.0,80.0,,,,6.4,Hong Kong
2023-07-14,51.0,26.3,33.3,12.7,28.8,,1.2,,29.7,25.4,64.0,1.0,100.0,26.5,24.1,93.0,59.0,78.0,,,,5.5,Hong Kong
2023-07-15,53.0,27.9,33.7,9.2,27.0,,2.3,,30.4,26.5,69.0,0.0,100.0,28.0,23.4,96.0,63.0,81.0,,,,6.0,Hong Kong
2023-07-16,61.0,25.8,31.4,33.8,76.0,,6.8,,28.0,24.8,93.0,57.0,100.0,25.8,23.8,94.0,68.0,83.0,,,,21.5,Hong Kong
2023-07-17,65.0,24.9,28.3,40.4,87.1,,45.8,,26.4,25.0,100.0,100.0,100.0,25.8,24.2,97.0,83.0,92.0,,,,34.2,Hong Kong
2023-07-18,65.0,25.7,29.1,25.9,59.4,,47.9,,27.0,25.5,100.0,100.0,100.0,26.2,24.9,99.0,82.0,92.0,,,,17.8,Hong Kong
2023-07-19,55.0,25.6,30.0,17.6,43.2,,7.6,,27.3,25.5,98.0,72.0,100.0,26.0,25.0,98.0,78.0,90.0,,,,12.1,Hong Kong
2023-07-20,61.0,25.6,30.7,13.5,31.7,,3.8,,28.3,25.7,80.0,11.0,100.0,26.0,25.1,98.0,75.0,86.0,,,,9.9,Hong Kong
2023-07-21,53.0,26.0,30.6,9.9,25.9,,2.9,,28.4,26.0,80.0,14.0,100.0,26.7,25.0,95.0,77.0,87.0,,,,5.9,Hong Kong
2023-07-22,51.0,26.2,30.7,11.3,28.4,,0.3,,28.6,25.8,68.0,0.0,100.0,26.6,25.5,96.0,75.0,85.0,,,,7.5,Hong Kong
2023-07-23,53.0,26.2,30.6,10.9,26.3,,2.1,,28.3,25.8,84.0,13.0,100.0,26.3,25.3,96.0,77.0,86.0,,,,6.7,Hong Kong
2023-07-24,51.0,25.6,31.3,9.7,26.6,,1.1,,28.4,25.7,65.0,1.0,100.0,27.0,25.0,96.0,72.0,86.0,,,,5.5,Hong Kong
2023-07-25,51.0,25.8,32.4,11.9,27.7,,0.6,,29.1,25.1,60.0,7.0,100.0,26.3,24.5,94.0,64.0,80.0,,,,6.4,Hong Kong
2023-07-26,55.0,26.8,34.2,11.5,29.9,,1.6,,30.2,26.5,59.0,0.0,100.0,28.7,25.0,96.0,64.0,81.0,,,,6.4,Hong Kong
2023-07-27,63.0,27.2,34.2,10.8,25.6,,10.6,,30.5,25.2,62.0,0.0,100.0,27.3,23.8,99.0,56.0,74.0,,,,8.0,Hong Kong
2023-07-28,51.0,27.3,33.6,14.0,33.5,,1.2,,29.9,26.1,95.0,62.0,100.0,28.0,23.9,96.0,57.0,81.0,,,,8.7,Hong Kong
2023-07-29,65.0,25.3,29.1,14.8,30.6,,49.1,,27.5,26.4,98.0,67.0,100.0,28.4,25.2,99.0,85.0,94.0,,,,10.1,Hong Kong
2023-07-30,63.0,25.3,29.6,14.5,32.0,,11.8,,27.5,25.6,100.0,100.0,100.0,26.5,25.1,99.0,83.0,90.0,,,,9.7,Hong Kong
2023-07-31,61.0,27.0,29.8,14.8,34.2,,3.2,,27.8,25.2,97.0,67.0,100.0,25.8,24.6,90.0,78.0,86.0,,,,10.5,Hong Kong
2023-08-01,65.0,26.2,29.1,11.6,28.4,,13.1,,27.4,25.0,96.0,68.0,100.0,25.8,24.3,91.0,81.0,87.0,,,,7.2,Hong Kong
2023-08-02,51.0,25.3,31.3,10.5,26.6,,0.1,,28.0,24.4,69.0,0.0,100.0,25.3,23.2,94.0,63.0,81.0,,,,6.5,Hong Kong
2023-08-03,51.0,25.8,32.3,14.7,32.0,,0.3,,28.9,25.2,49.0,0.0,97.0,26.9,23.8,90.0,67.0,81.0,,,,7.2,Hong Kong
2023-08-04,63.0,27.4,31.0,18.9,41.0,,8.7,,28.9,26.1,91.0,30.0,100.0,26.6,25.3,92.0,75.0,85.0,,,,15.4,Hong Kong
2023-08-05,61.0,27.0,31.4,24.4,52.2,,6.3,,29.1,25.6,89.0,33.0,100.0,26.8,24.7,93.0,68.0,82.0,,,,15.5,Hong Kong
2023-08-06,53.0,25.7,31.1,20.0,42.8,,4.1,,28.8,25.3,51.0,2.0,100.0,26.5,24.6,98.0,69.0,82.0,,,,12.2,Hong Kong
2023-08-07,61.0,27.5,30.9,17.7,40.0,,2.7,,29.0,25.2,35.0,1.0,93.0,26.0,24.5,87.0,72.0,80.0,,,,11.3,Hong Kong
2023-08-08,61.0,27.9,31.5,14.6,33.8,,3.9,,29.1,25.3,67.0,7.0,100.0,26.2,24.5,86.0,71.0,80.0,,,,9.5,Hong Kong
2023-08-09,61.0,27.8,31.7,14.0,33.5,,4.9,,29.6,25.4,82.0,30.0,100.0,25.9,24.8,88.0,70.0,79.0,,,,11.5,Hong Kong
2023-08-10,63.0,25.3,30.7,13.0,30.2,,14.3,,28.1,25.9,83.0,44.0,100.0,26.8,24.1,99.0,80.0,88.0,,,,7.4,Hong Kong
2023-08-11,63.0,24.6,29.3,14.8,33.8,,30.5,,26.5,25.1,99.0,91.0,100.0,26.2,24.3,99.0,81.0,92.0,,,,7.3,Hong Kong
2023-08-12,63.0,24.7,29.9,19.4,43.9,,9.8,,27.6,25.3,70.0,22.0,100.0,25.9,24.4,99.0,77.0,87.0,,,,11.0,Hong Kong
2023-08-13,63.0,25.1,29.9,20.2,46.8,,15.9,,27.4,25.5,77.0,17.0,100.0,26.2,24.8,99.0,79.0,90.0,,,,13.6,Hong Kong
2023-08-14,63.0,25.7,30.3,16.2,34.6,,7.9,,28.0,25.9,82.0,14.0,100.0,26.7,25.2,98.0,79.0,89.0,,,,10.9,Hong Kong
2023-08-15,51.0,26.7,30.8,14.1,33.1,,0.6,,28.5,26.2,63.0,21.0,98.0,26.9,25.3,96.0,79.0,87.0,,,,8.4,Hong Kong
2023-08-16,51.0,27.6,31.5,13.9,33.8,,0.9,,29.1,26.6,96.0,73.0,100.0,27.3,25.9,96.0,74.0,87.0,,,,10.5,Hong Kong
2023-08-17,63.0,26.5,31.9,15.5,35.3,,5.8,,29.0,26.7,87.0,14.0,100.0,27.2,25.1,95.0,75.0,87.0,,,,9.7,Hong Kong
2023-08-18,63.0,25.3,31.0,14.5,34.6,,4.6,,27.8,25.7,84.0,31.0,100.0,27.1,24.5,97.0,75.0,89.0,,,,9.7,Hong Kong
2023-08-19,61.0,24.9,30.2,13.0,32.4,,8.2,,27.4,25.6,94.0,70.0,100.0,27.1,24.6,99.0,78.0,90.0,,,,6.6,Hong Kong
2023-08-20,63.0,25.6,30.1,9.5,25.6,,9.3,,27.6,25.6,96.0,63.0,100.0,26.8,24.8,95.0,82.0,89.0,,,,6.2,Hong Kong
2023-08-21,63.0,26.4,29.4,12.7,31.3,,6.2,,27.7,25.5,99.0,87.0,100.0,26.2,25.1,94.0,80.0,88.0,,,,7.1,Hong Kong
2023-08-22,51.0,25.8,30.1,11.9,30.2,,1.4,,27.8,25.7,99.0,78.0,100.0,26.5,25.1,97.0,78.0,89.0,,,,6.9,Hong Kong
2023-08-23,53.0,25.3,29.8,12.6,28.8,,2.5,,27.4,25.4,100.0,100.0,100.0,26.6,24.3,98.0,78.0,89.0,,,,6.4,Hong Kong
2023-08-24,63.0,25.5,29.5,10.3,28.4,,10.7,,27.1,25.5,100.0,96.0,100.0,26.2,24.5,99.0,82.0,91.0,,,,6.9,Hong Kong
2023-08-25,65.0,26.1,31.1,8.4,24.1,,13.8,,27.5,25.8,94.0,51.0,100.0,27.1,25.3,97.0,79.0,91.0,,,,4.7,Hong Kong
2023-08-26,63.0,26.0,29.0,11.6,30.2,,6.5,,27.4,25.7,100.0,95.0,100.0,26.3,24.9,97.0,83.0,90.0,,,,5.9,Hong Kong
2023-08-27,55.0,25.5,30.2,12.8,29.5,,3.5,,27.8,26.0,89.0,45.0,100.0,26.8,25.1,98.0,82.0,90.0,,,,7.7,Hong Kong
2023-08-28,63.0,25.3,30.6,10.2,24.8,,7.3,,27.7,26.0,99.0,90.0,100.0,27.0,24.8,99.0,80.0,91.0,,,,6.0,Hong Kong
2023-08-29,63.0,24.5,30.9,12.8,25.9,,11.7,,26.8,25.4,99.0,92.0,100.0,26.7,24.1,99.0,76.0,92.0,,,,6.0,Hong Kong
2023-08-30,63.0,23.9,31.2,15.9,35.6,,3.1,,26.9,24.1,64.0,13.0,100.0,26.3,21.8,95.0,68.0,85.0,,,,10.7,Hong Kong
2023-08-31,51.0,25.0,31.8,19.5,43.6,,1.7,,27.6,23.5,94.0,18.0,100.0,25.1,21.2,96.0,65.0,79.0,,,,14.3,Hong Kong
2023-09-01,65.0,24.3,25.9,63.5,140.0,,61.3,,25.1,23.7,100.0,98.0,100.0,25.2,21.7,97.0,82.0,92.0,,,,30.8,Hong Kong
2023-09-02,65.0,25.3,27.9,51.1,125.6,,68.2,,26.1,24.9,87.0,31.0,100.0,25.3,24.5,98.0,84.0,93.0,,,,30.4,Hong Kong
2023-09-03,61.0,25.3,31.0,22.5,45.4,,6.3,,28.0,25.1,82.0,20.0,100.0,26.0,24.5,98.0,70.0,85.0,,,,11.7,Hong Kong
2023-09-04,51.0,25.9,32.7,11.1,29.9,,0.9,,29.0,25.5,94.0,16.0,100.0,26.4,24.4,95.0,64.0,82.0,,,,8.4,Hong Kong
2023-09-05,51.0,25.6,30.1,13.0,29.9,,0.8,,28.0,24.4,97.0,71.0,100.0,25.6,22.9,91.0,71.0,81.0,,,,8.0,Hong Kong
2023-09-06,61.0,25.8,31.4,12.2,33.5,,4.5,,28.0,25.2,88.0,25.0,100.0,26.3,24.5,99.0,69.0,85.0,,,,7.8,Hong Kong
2023-09-07,65.0,24.9,27.5,15.0,36.0,,32.4,,26.0,25.1,100.0,99.0,100.0,25.6,24.5,99.0,87.0,95.0,,,,8.5,Hong Kong
2023-09-08,65.0,24.5,25.7,19.4,43.9,,117.9,,25.1,24.7,100.0,100.0,100.0,25.5,24.2,100.0,95.0,98.0,,,,11.8,Hong Kong
2023-09-09,61.0,24.7,26.6,14.8,37.1,,16.6,,25.4,24.5,100.0,100.0,100.0,25.0,23.5,99.0,84.0,95.0,,,,10.8,Hong Kong
2023-09-10,63.0,24.3,25.7,14.3,29.9,,33.2,,24.8,24.3,100.0,100.0,100.0,25.2,23.8,99.0,94.0,97.0,,,,10.2,Hong Kong
2023-09-11,63.0,24.3,27.4,13.8,33.8,,14.4,,25.7,24.5,92.0,44.0,100.0,25.2,23.9,99.0,83.0,93.0,,,,10.9,Hong Kong
2023-09-12,55.0,24.7,29.2,14.4,34.9,,6.1,,26.6,25.0,90.0,17.0,100.0,25.9,24.3,99.0,81.0,91.0,,,,9.0,Hong Kong
2023-09-13,61.0,24.9,29.2,15.6,35.3,,5.4,,26.7,25.1,97.0,72.0,100.0,26.0,24.6,99.0,82.0,91.0,,,,9.9,Hong Kong
2023-09-14,65.0,24.5,27.3,11.0,26.6,,41.2,,25.7,25.0,100.0,100.0,100.0,26.1,24.2,99.0,88.0,96.0,,,,7.3,Hong Kong
2023-09-15,63.0,24.5,27.7,13.3,32.0,,10.2,,25.4,24.4,100.0,99.0,100.0,24.9,23.7,99.0,85.0,94.0,,,,10.0,Hong Kong
2023-09-16,63.0,24.6,27.4,12.9,29.9,,15.2,,25.7,24.6,92.0,49.0,100.0,25.1,24.3,99.0,86.0,94.0,,,,10.2,Hong Kong
2023-09-17,51.0,25.3,27.9,14.1,33.8,,1.7,,26.5,24.9,69.0,29.0,100.0,25.7,24.2,97.0,85.0,91.0,,,,8.6,Hong Kong
2023-09-18,61.0,24.5,29.8,10.9,29.2,,2.2,,27.1,25.2,33.0,0.0,86.0,26.1,24.0,97.0,78.0,90.0,,,,5.7,Hong Kong
2023-09-19,51.0,25.1,30.8,9.5,23.4,,0.5,,27.4,25.6,37.0,1.0,100.0,26.6,24.7,98.0,74.0,90.0,,,,4.7,Hong Kong
2023-09-20,51.0,25.8,30.5,7.0,16.9,,1.1,,28.1,25.5,19.0,0.0,44.0,26.2,24.4,97.0,70.0,86.0,,,,3.9,Hong Kong
2023-09-21,53.0,25.6,31.7,7.1,20.5,,1.8,,28.0,26.0,30.0,1.0,93.0,27.2,25.2,99.0,73.0,89.0,,,,3.9,Hong Kong
2023-09-22,63.0,23.6,31.0,11.6,27.0,,5.2,,27.0,25.0,53.0,8.0,97.0,26.2,22.6,99.0,75.0,89.0,,,,6.9,Hong Kong
2023-09-23,51.0,24.5,30.4,16.6,37.8,,0.7,,27.5,24.6,19.0,2.0,82.0,25.3,23.4,95.0,72.0,84.0,,,,9.8,Hong Kong
2023-09-24,61.0,24.9,29.9,21.6,47.9,,5.6,,27.5,25.0,41.0,2.0,100.0,25.8,23.8,96.0,76.0,87.0,,,,15.2,Hong Kong
2023-09-25,51.0,26.1,30.2,20.2,45.0,,1.4,,28.0,25.0,25.0,0.0,96.0,25.7,24.2,91.0,74.0,84.0,,,,16.8,Hong Kong
2023-09-26,51.0,26.2,29.9,22.1,48.6,,1.2,,27.9,25.0,21.0,0.0,55.0,25.9,24.5,91.0,74.0,84.0,,,,16.4,Hong Kong
2023-09-27,51.0,27.0,30.7,17.7,40.0,,0.6,,28.3,24.7,56.0,4.0,100.0,25.5,23.9,91.0,68.0,81.0,,,,12.5,Hong Kong
2023-09-28,53.0,25.7,30.2,20.9,46.8,,2.3,,27.7,24.6,75.0,39.0,100.0,25.4,23.8,92.0,72.0,83.0,,,,11.0,Hong Kong
2023-09-29,61.0,25.7,30.0,17.2,34.6,,2.6,,27.4,24.8,42.0,1.0,99.0,26.1,23.9,93.0,74.0,86.0,,,,9.9,Hong Kong
2023-09-30,53.0,25.0,31.1,7.3,24.1,,1.8,,27.9,25.1,25.0,1.0,98.0,26.1,23.9,95.0,70.0,85.0,,,,4.4,Hong Kong
2023-10-01,61.0,24.4,31.7,14.4,33.5,,4.0,,27.5,24.6,39.0,0.0,100.0,25.8,23.2,98.0,62.0,85.0,,,,7.7,Hong Kong
2023-10-02,51.0,25.7,29.8,21.6,46.4,,2.0,,27.6,24.3,54.0,4.0,100.0,25.1,23.8,92.0,73.0,82.0,,,,13.3,Hong Kong
2023-10-03,53.0,25.2,30.6,10.5,24.8,,2.4,,27.8,24.7,44.0,13.0,100.0,25.9,23.9,93.0,68.0,84.0,,,,5.3,Hong Kong
2023-10-04,51.0,25.8,33.6,13.3,27.0,,1.0,,29.2,24.7,58.0,7.0,100.0,26.2,23.1,93.0,55.0,78.0,,,,8.9,Hong Kong
2023-10-05,3.0,25.0,31.8,16.4,41.8,,0.0,,28.3,22.4,89.0,7.0,100.0,24.8,19.6,91.0,57.0,71.0,,,,12.2,Hong Kong
2023-10-06,3.0,24.1,30.2,18.8,38.5,,0.0,,26.7,19.4,97.0,80.0,100.0,22.2,16.1,89.0,55.0,65.0,,,,14.8,Hong Kong
2023-10-07,65.0,20.4,24.0,28.2,57.6,,26.0,,22.2,19.9,100.0,100.0,100.0,20.9,18.8,97.0,76.0,87.0,,,,22.5,Hong Kong
2023-10-08,65.0,19.6,24.4,39.7,81.7,,87.3,,21.7,20.8,100.0,100.0,100.0,24.2,18.2,99.0,85.0,95.0,,,,30.0,Hong Kong
2023-10-09,65.0,21.8,25.2,37.2,75.6,,89.0,,24.0,23.5,100.0,100.0,100.0,24.1,21.5,98.0,92.0,97.0,,,,23.0,Hong Kong
2023-10-10,61.0,22.3,27.4,23.2,50.0,,5.5,,24.1,21.8,90.0,46.0,100.0,22.7,20.7,98.0,71.0,87.0,,,,16.1,Hong Kong
2023-10-11,51.0,20.8,27.2,20.1,44.3,,0.1,,23.9,20.1,48.0,1.0,100.0,21.5,18.0,87.0,69.0,80.0,,,,13.3,Hong Kong
2023-10-12,3.0,21.0,27.3,12.6,30.6,,0.0,,24.2,20.2,76.0,2.0,100.0,22.0,18.2,84.0,70.0,79.0,,,,10.3,Hong Kong
2023-10-13,3.0,21.6,27.5,13.0,31.3,,0.0,,24.5,20.1,56.0,0.0,100.0,21.8,18.1,89.0,67.0,77.0,,,,9.7,Hong Kong
2023-10-14,3.0,21.6,28.2,11.4,27.4,,0.0,,24.7,19.5,57.0,1.0,100.0,21.8,17.3,92.0,61.0,74.0,,,,7.6,Hong Kong
2023-10-15,53.0,22.2,27.2,14.5,33.8,,1.4,,24.5,20.7,84.0,31.0,100.0,22.1,18.4,90.0,67.0,79.0,,,,9.7,Hong Kong
2023-10-16,51.0,22.6,26.5,23.2,50.4,,0.5,,24.6,20.5,93.0,42.0,100.0,22.1,18.2,92.0,65.0,79.0,,,,16.0,Hong Kong
2023-10-17,63.0,20.4,25.4,26.2,57.2,,7.2,,23.8,18.3,94.0,70.0,100.0,21.0,16.1,95.0,58.0,72.0,,,,21.0,Hong Kong
2023-10-18,55.0,22.5,25.3,32.8,67.7,,7.2,,24.1,21.5,100.0,99.0,100.0,23.7,18.7,99.0,72.0,86.0,,,,23.3,Hong Kong
2023-10-19,61.0,23.8,25.5,21.4,42.8,,10.9,,24.6,23.6,100.0,100.0,100.0,24.3,23.0,98.0,88.0,94.0,,,,17.9,Hong Kong
2023-10-20,53.0,20.7,26.9,19.1,38.9,,1.9,,24.4,22.6,100.0,100.0,100.0,24.4,18.7,96.0,80.0,90.0,,,,14.2,Hong Kong
2023-10-21,53.0,18.7,24.0,19.9,42.8,,2.4,,20.4,17.6,99.0,93.0,100.0,19.2,16.0,97.0,73.0,84.0,,,,16.8,Hong Kong
2023-10-22,3.0,17.9,25.4,14.9,32.0,,0.0,,21.5,17.7,71.0,31.0,100.0,19.6,14.8,87.0,69.0,79.0,,,,10.0,Hong Kong
2023-10-23,3.0,21.0,27.0,13.2,30.2,,0.0,,24.0,21.0,67.0,21.0,100.0,22.7,19.0,92.0,72.0,84.0,,,,10.6,Hong Kong
2023-10-24,2.0,23.4,27.9,16.6,34.2,,0.0,,25.2,22.5,23.0,0.0,64.0,23.3,21.4,94.0,72.0,85.0,,,,11.5,Hong Kong
2023-10-25,3.0,23.6,27.6,15.3,36.4,,0.0,,25.2,22.9,60.0,1.0,100.0,23.4,22.5,96.0,74.0,88.0,,,,10.0,Hong Kong
2023-10-26,3.0,23.3,27.5,15.6,35.6,,0.0,,24.8,22.4,43.0,0.0,100.0,23.0,22.2,95.0,74.0,87.0,,,,10.1,Hong Kong
2023-10-27,51.0,22.2,28.0,11.3,28.4,,0.8,,24.9,22.8,67.0,16.0,100.0,23.5,21.6,97.0,72.0,89.0,,,,8.2,Hong Kong
2023-10-28,63.0,23.0,27.3,12.6,29.2,,12.0,,24.7,22.7,79.0,46.0,100.0,23.2,22.1,98.0,77.0,89.0,,,,10.2,Hong Kong
2023-10-29,51.0,22.4,26.1,17.2,40.7,,0.5,,24.1,21.1,73.0,27.0,100.0,22.4,20.0,95.0,69.0,84.0,,,,12.5,Hong Kong
2023-10-30,51.0,22.4,26.9,14.3,32.4,,1.4,,24.5,20.8,57.0,6.0,100.0,22.2,18.1,92.0,68.0,81.0,,,,10.7,Hong Kong
2023-10-31,51.0,22.1,27.2,14.7,33.8,,0.4,,24.2,19.7,62.0,1.0,100.0,21.2,17.7,94.0,57.0,77.0,,,,12.0,Hong Kong
2023-11-01,3.0,21.6,27.3,15.0,31.7,,0.0,,24.2,19.8,38.0,0.0,98.0,21.1,18.4,91.0,58.0,77.0,,,,11.3,Hong Kong
2023-11-02,1.0,22.1,26.5,14.6,35.3,,0.0,,24.0,20.8,16.0,0.0,49.0,21.6,20.1,93.0,69.0,83.0,,,,10.6,Hong Kong
2023-11-03,51.0,22.3,27.3,11.5,28.4,,0.1,,24.6,21.9,49.0,1.0,100.0,22.8,21.2,94.0,70.0,85.0,,,,7.9,Hong Kong
2023-11-04,3.0,23.1,27.9,13.7,32.8,,0.0,,25.0,22.1,39.0,0.0,89.0,22.7,20.7,94.0,67.0,84.0,,,,8.9,Hong Kong
2023-11-05,1.0,23.1,28.4,12.5,28.1,,0.0,,25.2,22.5,12.0,0.0,40.0,23.1,22.0,96.0,69.0,86.0,,,,8.1,Hong Kong
2023-11-06,51.0,22.0,29.6,18.7,42.1,,0.2,,25.8,20.0,28.0,0.0,98.0,22.7,14.2,96.0,52.0,72.0,,,,10.9,Hong Kong
2023-11-07,51.0,21.5,26.3,24.6,52.2,,0.4,,24.2,17.7,76.0,3.0,100.0,21.9,12.1,86.0,52.0,67.0,,,,16.5,Hong Kong
2023-11-08,3.0,23.3,26.7,22.9,46.8,,0.0,,24.7,20.4,73.0,20.0,100.0,21.4,19.2,86.0,64.0,77.0,,,,18.2,Hong Kong
2023-11-09,51.0,24.2,26.8,22.0,48.2,,1.2,,25.3,22.0,82.0,45.0,100.0,23.2,21.3,91.0,74.0,82.0,,,,17.5,Hong Kong
2023-11-10,55.0,24.3,28.8,13.2,29.2,,2.3,,25.9,23.5,49.0,5.0,80.0,24.3,22.6,97.0,74.0,87.0,,,,9.5,Hong Kong
2023-11-11,61.0,23.5,26.3,24.3,53.3,,3.3,,24.7,22.4,64.0,22.0,100.0,23.8,21.1,98.0,76.0,87.0,,,,18.2,Hong Kong
2023-11-12,51.0,18.6,27.8,20.1,43.6,,0.3,,22.7,17.4,69.0,3.0,100.0,21.5,13.0,90.0,51.0,73.0,,,,16.4,Hong Kong
2023-11-13,3.0,16.5,23.3,21.1,43.6,,0.0,,19.1,12.3,39.0,3.0,99.0,14.6,10.7,70.0,57.0,65.0,,,,18.2,Hong Kong
2023-11-14,3.0,14.3,23.6,15.5,36.4,,0.0,,18.8,12.2,58.0,7.0,100.0,14.7,9.0,71.0,57.0,66.0,,,,11.7,Hong Kong
2023-11-15,3.0,16.9,24.9,18.4,40.7,,0.0,,21.0,15.3,37.0,0.0,97.0,18.7,12.3,78.0,58.0,70.0,,,,13.2,Hong Kong
2023-11-16,3.0,15.8,23.4,27.8,60.5,,0.0,,20.0,13.3,51.0,7.0,100.0,18.6,6.7,87.0,52.0,67.0,,,,18.5,Hong Kong
2023-11-17,3.0,13.1,21.3,26.6,54.4,,0.0,,17.0,4.3,45.0,0.0,90.0,6.3,1.2,57.0,32.0,44.0,,,,20.7,Hong Kong
2023-11-18,3.0,13.6,22.5,16.6,39.6,,0.0,,17.7,4.8,53.0,0.0,98.0,8.6,2.2,60.0,28.0,44.0,,,,12.2,Hong Kong
2023-11-19,3.0,12.9,22.3,10.9,29.5,,0.0,,17.7,9.8,41.0,0.0,100.0,12.6,7.3,79.0,48.0,61.0,,,,7.4,Hong Kong
2023-11-20,2.0,14.7,23.6,15.6,37.8,,0.0,,19.2,12.7,12.0,0.0,64.0,16.6,9.7,87.0,42.0,68.0,,,,9.2,Hong Kong
2023-11-21,1.0,18.1,24.3,15.1,34.6,,0.0,,20.5,15.8,5.0,0.0,39.0,17.0,13.7,91.0,54.0,75.0,,,,10.9,Hong Kong
2023-11-22,3.0,18.4,24.6,14.9,35.3,,0.0,,21.2,17.0,59.0,4.0,99.0,18.2,16.3,94.0,60.0,78.0,,,,8.9,Hong Kong
2023-11-23,3.0,15.5,27.0,8.1,23.4,,0.0,,22.0,17.2,51.0,0.0,100.0,19.2,14.6,94.0,52.0,76.0,,,,4.7,Hong Kong
2023-11-24,3.0,16.8,24.9,28.5,62.6,,0.0,,21.1,16.3,26.0,0.0,88.0,18.1,13.1,97.0,50.0,76.0,,,,17.7,Hong Kong
2023-11-25,1.0,18.1,24.1,23.5,50.8,,0.0,,21.0,14.8,8.0,0.0,31.0,17.1,12.5,81.0,49.0,68.0,,,,19.7,Hong Kong
2023-11-26,3.0,17.6,25.1,19.1,39.6,,0.0,,20.7,15.2,17.0,0.0,100.0,17.0,13.0,90.0,48.0,72.0,,,,10.9,Hong Kong
2023-11-27,0.0,15.3,27.4,11.5,30.6,,0.0,,21.0,14.3,0.0,0.0,0.0,17.0,13.0,93.0,41.0,68.0,,,,7.6,Hong Kong
2023-11-28,3.0,17.1,25.0,21.8,45.0,,0.0,,21.3,13.7,17.0,0.0,100.0,17.5,11.2,78.0,47.0,62.0,,,,15.5,Hong Kong
2023-11-29,51.0,20.9,25.0,21.7,49.3,,0.6,,22.4,16.7,68.0,8.0,100.0,18.8,14.6,86.0,56.0,70.0,,,,17.1,Hong Kong
2023-11-30,3.0,20.9,27.0,16.3,38.2,,0.0,,23.3,18.1,58.0,7.0,100.0,19.7,15.7,83.0,57.0,73.0,,,,11.7,Hong Kong
2023-12-01,3.0,16.1,23.1,19.6,43.2,,0.0,,19.4,11.1,84.0,7.0,100.0,15.0,8.6,72.0,48.0,59.0,,,,15.7,Hong Kong
2023-12-02,3.0,15.1,23.5,15.3,32.8,,0.0,,18.8,10.8,48.0,0.0,100.0,15.9,6.0,81.0,49.0,60.0,,,,10.7,Hong Kong
2023-12-03,3.0,16.8,25.0,13.6,31.3,,0.0,,20.8,15.1,83.0,46.0,100.0,17.3,11.0,83.0,49.0,71.0,,,,10.4,Hong Kong
2023-12-04,51.0,16.8,26.0,8.8,23.8,,0.7,,21.0,15.8,66.0,19.0,100.0,16.9,13.9,86.0,55.0,73.0,,,,5.7,Hong Kong
2023-12-05,3.0,15.4,25.7,10.9,29.9,,0.0,,20.2,14.8,84.0,25.0,100.0,17.9,11.4,85.0,51.0,72.0,,,,5.5,Hong Kong
2023-12-06,51.0,17.8,24.2,17.5,38.5,,0.6,,20.5,13.9,80.0,1.0,100.0,18.2,7.2,93.0,39.0,69.0,,,,10.2,Hong Kong
2023-12-07,3.0,15.6,25.0,15.3,35.3,,0.0,,19.3,7.5,76.0,3.0,100.0,12.7,2.7,82.0,23.0,50.0,,,,11.7,Hong Kong
2023-12-08,3.0,14.3,23.6,14.8,36.7,,0.0,,19.2,14.4,83.0,13.0,100.0,18.2,11.8,92.0,48.0,75.0,,,,10.1,Hong Kong
2023-12-09,3.0,20.1,25.3,14.3,36.0,,0.0,,22.3,19.8,52.0,3.0,100.0,20.6,18.5,97.0,70.0,87.0,,,,9.8,Hong Kong
2023-12-10,3.0,20.1,26.5,14.6,36.0,,0.0,,23.0,20.0,32.0,6.0,100.0,20.9,19.0,97.0,65.0,84.0,,,,10.5,Hong Kong
2023-12-11,51.0,21.0,27.5,9.4,23.8,,0.1,,23.7,20.4,39.0,0.0,100.0,21.0,19.9,94.0,64.0,83.0,,,,6.3,Hong Kong
2023-12-12,53.0,19.9,29.3,18.2,37.1,,1.1,,23.8,18.8,18.0,0.0,98.0,21.7,15.4,96.0,49.0,76.0,,,,12.5,Hong Kong
2023-12-13,51.0,20.2,23.8,22.0,49.0,,0.3,,21.6,18.9,84.0,23.0,100.0,19.9,18.0,95.0,72.0,85.0,,,,18.6,Hong Kong
2023-12-14,3.0,20.7,25.4,19.1,42.1,,0.0,,22.6,19.8,54.0,2.0,100.0,21.0,19.0,96.0,71.0,85.0,,,,14.9,Hong Kong
2023-12-15,3.0,21.5,27.2,13.8,33.1,,0.0,,23.6,21.4,58.0,6.0,100.0,22.3,20.8,97.0,69.0,88.0,,,,10.0,Hong Kong
2023-12-16,63.0,9.9,22.2,27.6,61.2,,4.1,,15.4,7.7,79.0,23.0,100.0,22.0,0.6,100.0,43.0,62.0,,,,22.5,Hong Kong
2023-12-17,3.0,8.5,14.8,22.8,48.2,,0.0,,11.1,3.0,85.0,26.0,100.0,5.6,-0.8,72.0,50.0,58.0,,,,16.7,Hong Kong
2023-12-18,51.0,11.3,19.5,24.3,51.8,,0.2,,16.5,12.0,89.0,29.0,100.0,16.6,5.1,88.0,64.0,75.0,,,,14.5,Hong Kong
2023-12-19,3.0,11.6,19.4,19.8,40.7,,0.0,,15.4,8.4,67.0,7.0,100.0,12.1,5.4,75.0,54.0,63.0,,,,14.8,Hong Kong
2023-12-20,3.0,7.7,16.0,23.4,50.0,,0.0,,11.2,2.8,47.0,0.0,100.0,4.7,1.1,69.0,44.0,57.0,,,,20.9,Hong Kong
2023-12-21,3.0,6.3,12.5,23.3,49.0,,0.0,,9.2,1.3,76.0,6.0,100.0,2.9,-0.6,68.0,48.0,58.0,,,,21.4,Hong Kong
2023-12-22,3.0,5.1,11.7,24.8,52.6,,0.0,,8.9,-4.6,90.0,42.0,100.0,-1.6,-8.4,51.0,33.0,39.0,,,,18.9,Hong Kong
2023-12-23,53.0,5.7,12.9,20.2,43.2,,0.6,,9.0,-1.5,84.0,17.0,100.0,4.0,-5.3,83.0,36.0,49.0,,,,16.5,Hong Kong
2023-12-24,3.0,6.7,17.5,18.3,42.5,,0.0,,11.5,-0.1,40.0,0.0,100.0,2.3,-2.0,55.0,36.0,45.0,,,,16.5,Hong Kong
2023-12-25,3.0,8.3,17.9,16.5,34.2,,0.0,,12.6,1.7,66.0,0.0,100.0,9.5,-2.3,81.0,32.0,49.0,,,,11.3,Hong Kong
2023-12-26,3.0,12.8,20.3,12.7,31.7,,0.0,,15.7,8.1,35.0,1.0,99.0,11.8,2.8,86.0,33.0,64.0,,,,10.8,Hong Kong
2023-12-27,55.0,13.5,22.0,10.5,25.9,,1.6,,17.6,9.8,72.0,2.0,100.0,14.3,7.2,83.0,40.0,62.0,,,,8.2,Hong Kong
2023-12-28,51.0,16.1,23.4,13.7,32.8,,0.5,,18.8,14.5,52.0,4.0,100.0,16.0,12.5,92.0,51.0,78.0,,,,11.5,Hong Kong
2023-12-29,3.0,16.5,21.1,19.2,44.6,,0.0,,18.4,15.3,23.0,0.0,100.0,16.1,14.5,92.0,66.0,83.0,,,,12.2,Hong Kong
2023-12-30,3.0,16.2,24.7,11.4,23.8,,0.0,,19.9,15.4,43.0,4.0,99.0,16.9,13.7,91.0,54.0,76.0,,,,5.7,Hong Kong
2023-12-31,3.0,16.0,27.2,15.6,32.0,,0.0,,21.2,16.1,29.0,0.0,100.0,17.2,14.9,94.0,49.0,75.0,,,,6.9,Hong Kong
2024-01-01,3.0,17.5,21.1,21.9,49.7,,0.0,,19.0,14.9,18.0,0.0,89.0,16.0,13.3,89.0,64.0,78.0,,,,18.2,Hong Kong
2024-01-02,3.0,15.9,20.0,20.4,43.9,,0.0,,17.6,13.6,19.0,0.0,85.0,15.5,11.7,91.0,64.0,78.0,,,,14.7,Hong Kong
2024-01-03,3.0,13.2,21.9,20.8,47.2,,0.0,,17.3,8.9,14.0,0.0,100.0,15.0,4.7,92.0,39.0,60.0,,,,15.5,Hong Kong
2024-01-04,3.0,11.4,18.0,22.5,50.0,,0.0,,14.8,8.6,24.0,0.0,91.0,12.8,3.9,88.0,59.0,67.0,,,,12.8,Hong Kong
2024-01-05,1.0,14.4,21.0,15.3,36.7,,0.0,,17.1,13.9,6.0,0.0,25.0,15.3,12.8,95.0,63.0,82.0,,,,9.9,Hong Kong
2024-01-06,3.0,13.5,24.2,9.8,27.7,,0.0,,17.9,14.6,31.0,0.0,97.0,16.1,13.2,98.0,55.0,83.0,,,,5.9,Hong Kong
2024-01-07,3.0,15.8,21.2,23.0,51.8,,0.0,,18.5,14.5,28.0,1.0,100.0,16.2,12.3,95.0,57.0,79.0,,,,15.4,Hong Kong
2024-01-08,51.0,15.8,20.9,19.9,43.2,,0.3,,18.3,14.6,33.0,1.0,100.0,16.6,12.5,92.0,60.0,80.0,,,,16.0,Hong Kong
2024-01-09,51.0,16.1,23.7,11.8,24.1,,0.7,,19.3,16.1,33.0,0.0,100.0,17.9,14.6,97.0,59.0,83.0,,,,7.1,Hong Kong
2024-01-10,51.0,14.6,24.3,17.9,38.2,,0.1,,18.7,13.2,7.0,0.0,75.0,16.2,11.0,97.0,44.0,73.0,,,,11.4,Hong Kong
2024-01-11,3.0,15.3,20.1,18.2,38.9,,0.0,,17.2,12.1,47.0,0.0,100.0,14.2,9.7,89.0,60.0,72.0,,,,10.9,Hong Kong
2024-01-12,3.0,15.4,21.4,14.6,34.9,,0.0,,17.7,13.4,28.0,0.0,100.0,14.1,12.1,91.0,57.0,77.0,,,,9.3,Hong Kong
2024-01-13,3.0,15.3,21.1,21.0,47.5,,0.0,,18.0,11.3,25.0,0.0,100.0,14.1,6.3,90.0,38.0,67.0,,,,13.6,Hong Kong
2024-01-14,3.0,16.3,22.5,16.6,36.4,,0.0,,19.0,14.0,37.0,0.0,100.0,15.9,10.9,91.0,53.0,74.0,,,,12.7,Hong Kong
2024-01-15,1.0,13.2,23.5,23.7,48.2,,0.0,,18.8,14.0,5.0,0.0,49.0,16.5,10.6,94.0,46.0,76.0,,,,13.2,Hong Kong
2024-01-16,3.0,16.1,19.5,27.0,55.8,,0.0,,17.7,14.0,46.0,0.0,100.0,15.7,12.9,90.0,67.0,80.0,,,,22.4,Hong Kong
2024-01-17,3.0,15.7,21.3,20.0,45.0,,0.0,,18.3,14.1,22.0,0.0,100.0,16.5,12.4,90.0,58.0,77.0,,,,17.3,Hong Kong
2024-01-18,3.0,18.2,23.5,14.4,35.3,,0.0,,20.1,16.8,36.0,0.0,100.0,17.5,15.8,94.0,65.0,82.0,,,,11.5,Hong Kong
2024-01-19,3.0,17.1,23.9,18.0,41.8,,0.0,,20.0,15.7,36.0,0.0,97.0,18.1,13.6,96.0,54.0,79.0,,,,11.6,Hong Kong
2024-01-20,53.0,17.3,25.6,16.9,34.9,,1.3,,20.7,15.1,53.0,2.0,100.0,17.6,9.0,95.0,51.0,72.0,,,,9.8,Hong Kong
2024-01-21,3.0,11.3,21.4,19.1,38.9,,0.0,,16.8,9.6,53.0,0.0,100.0,14.4,5.6,78.0,49.0,63.0,,,,13.9,Hong Kong
2024-01-22,3.0,6.6,17.3,26.8,56.5,,0.0,,13.0,4.6,93.0,56.0,100.0,9.2,-0.1,67.0,49.0,57.0,,,,19.0,Hong Kong
2024-01-23,55.0,3.3,7.4,26.8,57.2,,5.6,,5.3,0.3,98.0,83.0,100.0,4.1,-4.8,97.0,42.0,72.0,,,,22.6,Hong Kong
2024-01-24,3.0,2.2,13.0,20.3,43.9,,0.0,,7.4,-2.8,73.0,14.0,100.0,0.6,-5.9,55.0,43.0,49.0,,,,15.2,Hong Kong
2024-01-25,51.0,6.5,15.0,14.8,31.7,,0.1,,10.1,-0.1,81.0,1.0,100.0,3.6,-3.5,53.0,46.0,49.0,,,,11.2,Hong Kong
2024-01-26,3.0,8.5,16.6,12.8,31.3,,0.0,,13.1,3.7,77.0,22.0,100.0,6.0,0.5,58.0,48.0,53.0,,,,9.4,Hong Kong
2024-01-27,3.0,12.2,17.8,14.1,29.5,,0.0,,14.3,6.1,97.0,70.0,100.0,8.2,3.5,70.0,53.0,58.0,,,,9.2,Hong Kong
2024-01-28,51.0,9.2,18.1,14.6,32.0,,0.6,,13.0,9.1,91.0,63.0,100.0,12.0,6.8,94.0,61.0,78.0,,,,11.2,Hong Kong
2024-01-29,3.0,12.0,17.7,15.1,34.6,,0.0,,15.2,12.3,99.0,92.0,100.0,15.1,9.3,91.0,72.0,83.0,,,,11.7,Hong Kong
2024-01-30,51.0,16.7,21.9,15.6,33.8,,0.4,,18.5,16.0,92.0,33.0,100.0,17.4,14.9,92.0,72.0,86.0,,,,12.6,Hong Kong
2024-01-31,51.0,18.1,23.4,14.0,33.8,,0.1,,19.9,18.2,93.0,31.0,100.0,19.1,17.5,99.0,75.0,91.0,,,,11.2,Hong Kong
2024-02-01,3.0,18.4,24.8,12.5,31.7,,0.0,,21.1,19.5,66.0,7.0,100.0,20.7,18.4,100.0,72.0,91.0,,,,8.9,Hong Kong
2024-02-02,51.0,19.5,25.5,19.1,39.6,,0.2,,21.6,19.7,79.0,10.0,100.0,20.7,18.7,99.0,69.0,90.0,,,,10.2,Hong Kong
2024-02-03,51.0,18.6,22.5,19.8,40.7,,1.0,,20.1,17.8,72.0,5.0,100.0,18.5,17.1,94.0,73.0,87.0,,,,15.3,Hong Kong
2024-02-04,51.0,19.2,22.0,15.2,31.0,,1.1,,20.2,19.0,100.0,100.0,100.0,19.7,18.4,97.0,86.0,93.0,,,,11.2,Hong Kong
2024-02-05,3.0,14.9,21.5,13.8,33.1,,0.0,,18.7,15.7,92.0,14.0,100.0,18.5,11.1,98.0,71.0,83.0,,,,11.2,Hong Kong
2024-02-06,51.0,17.1,21.1,20.7,47.2,,0.8,,19.0,16.6,92.0,44.0,100.0,17.6,15.7,93.0,75.0,87.0,,,,17.2,Hong Kong
2024-02-07,51.0,11.1,18.5,16.3,32.0,,2.0,,15.8,13.5,99.0,82.0,100.0,17.5,8.2,96.0,74.0,86.0,,,,12.9,Hong Kong
2024-02-08,53.0,9.0,14.6,17.8,36.0,,3.7,,11.2,8.4,100.0,96.0,100.0,9.9,6.4,94.0,68.0,83.0,,,,13.3,Hong Kong
2024-02-09,55.0,7.9,16.0,18.7,38.2,,2.5,,11.0,7.1,99.0,84.0,100.0,8.8,4.6,97.0,61.0,78.0,,,,13.8,Hong Kong
2024-02-10,53.0,9.7,19.3,15.5,31.7,,1.4,,13.4,7.7,38.0,0.0,100.0,10.6,5.3,88.0,48.0,70.0,,,,10.8,Hong Kong
2024-02-11,1.0,8.6,21.5,13.2,33.8,,0.0,,15.1,7.2,5.0,0.0,31.0,11.5,3.7,87.0,31.0,62.0,,,,9.2,Hong Kong
2024-02-12,1.0,14.2,19.6,24.2,54.4,,0.0,,16.6,8.9,7.0,0.0,43.0,14.2,4.8,85.0,38.0,63.0,,,,18.0,Hong Kong
2024-02-13,3.0,15.5,22.0,18.1,41.4,,0.0,,18.2,14.2,23.0,0.0,100.0,16.0,12.5,94.0,62.0,78.0,,,,14.2,Hong Kong
2024-02-14,3.0,16.1,23.5,14.8,36.0,,0.0,,19.1,15.9,25.0,0.0,90.0,16.8,14.7,96.0,62.0,82.0,,,,10.0,Hong Kong
2024-02-15,3.0,14.6,26.2,10.8,29.5,,0.0,,20.0,15.9,76.0,1.0,100.0,18.7,14.6,100.0,51.0,79.0,,,,6.1,Hong Kong
2024-02-16,3.0,14.6,22.6,18.4,43.9,,0.0,,19.0,14.2,27.0,0.0,100.0,16.8,9.1,90.0,57.0,74.0,,,,14.9,Hong Kong
2024-02-17,51.0,17.8,22.3,19.6,44.6,,0.1,,19.6,16.3,86.0,36.0,100.0,18.1,15.6,90.0,68.0,82.0,,,,15.5,Hong Kong
2024-02-18,51.0,19.4,25.2,14.0,34.6,,1.4,,21.7,19.5,83.0,37.0,100.0,20.6,18.4,99.0,69.0,88.0,,,,11.5,Hong Kong
2024-02-19,51.0,19.6,24.2,13.0,30.6,,1.6,,21.7,20.4,92.0,41.0,100.0,21.2,19.5,100.0,79.0,93.0,,,,8.3,Hong Kong
2024-02-20,55.0,21.0,25.4,17.9,40.0,,6.9,,22.8,21.8,54.0,5.0,100.0,22.6,20.8,100.0,82.0,94.0,,,,13.6,Hong Kong
2024-02-21,3.0,21.0,26.3,15.7,38.9,,0.0,,23.1,21.4,19.0,0.0,100.0,22.4,20.7,100.0,74.0,91.0,,,,12.0,Hong Kong
2024-02-22,53.0,21.1,24.9,14.0,34.2,,2.7,,22.4,21.4,86.0,36.0,100.0,22.2,20.9,100.0,82.0,94.0,,,,8.7,Hong Kong
2024-02-23,51.0,16.6,22.6,20.7,46.4,,0.3,,19.5,15.6,81.0,3.0,100.0,21.0,10.2,99.0,66.0,79.0,,,,14.6,Hong Kong
2024-02-24,51.0,13.9,20.6,13.6,31.3,,0.1,,17.0,10.5,93.0,52.0,100.0,12.9,7.6,80.0,60.0,66.0,,,,10.3,Hong Kong
2024-02-25,3.0,12.1,19.5,15.5,32.8,,0.0,,14.9,9.0,71.0,6.0,100.0,11.4,5.5,78.0,59.0,68.0,,,,9.9,Hong Kong
2024-02-26,51.0,12.7,20.6,14.0,33.1,,0.1,,16.3,11.4,64.0,0.0,100.0,14.6,7.9,84.0,64.0,73.0,,,,9.7,Hong Kong
2024-02-27,3.0,11.9,19.7,14.2,31.7,,0.0,,15.8,9.9,77.0,11.0,100.0,14.4,5.4,83.0,59.0,68.0,,,,12.0,Hong Kong
2024-02-28,51.0,17.1,20.8,21.1,48.6,,0.6,,18.5,15.7,100.0,90.0,100.0,17.2,14.8,92.0,74.0,84.0,,,,16.1,Hong Kong
2024-02-29,53.0,13.6,23.7,21.8,47.5,,1.8,,18.9,15.7,90.0,30.0,100.0,19.2,6.6,96.0,62.0,83.0,,,,13.9,Hong Kong
2024-03-01,51.0,8.9,13.7,22.0,49.0,,0.4,,11.6,5.1,98.0,83.0,100.0,6.2,4.1,80.0,56.0,65.0,,,,18.6,Hong Kong
2024-03-02,51.0,7.4,14.8,18.6,38.9,,1.2,,10.8,6.5,97.0,50.0,100.0,8.5,4.2,88.0,64.0,75.0,,,,12.1,Hong Kong
2024-03-03,51.0,12.4,19.0,21.3,42.8,,0.7,,16.3,12.9,98.0,81.0,100.0,17.4,6.9,93.0,68.0,80.0,,,,14.8,Hong Kong
2024-03-04,61.0,18.5,23.8,23.9,51.1,,11.3,,20.8,20.0,75.0,35.0,100.0,21.3,17.5,99.0,83.0,95.0,,,,19.0,Hong Kong
2024-03-05,53.0,21.4,25.1,21.0,44.3,,4.7,,23.0,22.3,92.0,62.0,100.0,23.0,21.2,100.0,88.0,96.0,,,,15.0,Hong Kong
2024-03-06,61.0,16.6,25.1,20.5,41.0,,6.1,,22.3,19.6,99.0,90.0,100.0,22.6,13.5,100.0,63.0,86.0,,,,8.2,Hong Kong
2024-03-07,61.0,14.6,19.7,19.3,40.3,,5.2,,16.8,13.2,99.0,82.0,100.0,14.8,11.3,96.0,68.0,80.0,,,,13.0,Hong Kong
2024-03-08,53.0,13.2,19.7,19.1,40.3,,2.1,,16.4,11.8,63.0,0.0,100.0,13.1,10.2,87.0,58.0,75.0,,,,15.8,Hong Kong
2024-03-09,61.0,13.9,17.6,25.9,55.8,,2.8,,16.2,11.9,90.0,18.0,100.0,13.4,10.6,95.0,67.0,76.0,,,,22.1,Hong Kong
2024-03-10,63.0,14.1,17.7,31.0,65.9,,9.7,,15.3,12.9,100.0,88.0,100.0,14.6,11.7,94.0,72.0,86.0,,,,23.6,Hong Kong
2024-03-11,63.0,15.6,17.9,23.3,47.5,,15.1,,16.7,15.8,71.0,0.0,100.0,17.3,14.2,98.0,88.0,94.0,,,,13.3,Hong Kong
2024-03-12,2.0,13.3,20.8,17.4,41.4,,0.0,,17.2,12.1,5.0,0.0,75.0,13.7,10.6,90.0,57.0,73.0,,,,13.7,Hong Kong
2024-03-13,3.0,16.8,20.8,26.2,58.0,,0.0,,18.6,13.2,52.0,6.0,100.0,15.3,11.0,82.0,56.0,71.0,,,,20.5,Hong Kong
2024-03-14,3.0,17.4,21.2,22.0,48.6,,0.0,,19.3,16.1,84.0,29.0,100.0,17.6,14.2,92.0,76.0,82.0,,,,18.5,Hong Kong
2024-03-15,51.0,18.8,21.6,25.1,53.6,,0.4,,20.1,17.6,100.0,100.0,100.0,18.3,16.8,90.0,78.0,86.0,,,,17.7,Hong Kong
2024-03-16,51.0,19.8,22.3,16.9,34.9,,1.0,,20.9,19.3,98.0,48.0,100.0,20.2,18.2,97.0,86.0,91.0,,,,11.9,Hong Kong
2024-03-17,3.0,19.8,25.6,10.6,25.9,,0.0,,21.9,20.3,65.0,0.0,100.0,21.1,19.6,99.0,73.0,91.0,,,,7.8,Hong Kong
2024-03-18,51.0,18.8,22.1,17.3,38.2,,0.9,,20.7,19.6,79.0,3.0,100.0,20.8,18.4,100.0,88.0,93.0,,,,10.9,Hong Kong
2024-03-19,51.0,16.7,23.1,20.9,44.3,,0.2,,19.7,13.6,62.0,0.0,100.0,18.4,9.4,95.0,52.0,69.0,,,,16.2,Hong Kong
2024-03-20,3.0,15.1,21.7,17.7,38.2,,0.0,,18.6,10.7,53.0,0.0,100.0,13.8,8.3,73.0,47.0,60.0,,,,13.2,Hong Kong
2024-03-21,3.0,16.6,21.0,19.9,46.1,,0.0,,19.0,13.2,25.0,0.0,98.0,17.2,10.6,84.0,58.0,69.0,,,,15.7,Hong Kong
2024-03-22,51.0,19.1,25.1,15.3,37.1,,0.1,,21.8,18.9,71.0,6.0,100.0,20.1,17.6,96.0,69.0,85.0,,,,11.2,Hong Kong
2024-03-23,51.0,20.5,26.2,16.9,40.3,,1.4,,23.2,21.1,79.0,46.0,100.0,22.6,19.7,99.0,72.0,89.0,,,,12.1,Hong Kong
2024-03-24,3.0,22.1,27.8,14.3,32.0,,0.0,,24.2,22.0,84.0,20.0,100.0,22.8,20.8,100.0,66.0,89.0,,,,10.0,Hong Kong
2024-03-25,51.0,22.0,27.6,13.8,33.5,,0.4,,24.0,22.2,65.0,10.0,100.0,22.8,21.9,100.0,71.0,91.0,,,,7.9,Hong Kong
2024-03-26,51.0,21.7,30.0,14.9,30.6,,0.1,,24.9,21.1,72.0,3.0,100.0,22.0,19.5,100.0,55.0,81.0,,,,7.4,Hong Kong
2024-03-27,53.0,20.7,23.6,19.2,41.4,,1.1,,21.8,19.4,98.0,54.0,100.0,20.5,18.6,92.0,77.0,86.0,,,,16.3,Hong Kong
2024-03-28,51.0,21.4,28.5,16.0,31.7,,0.7,,24.3,21.2,86.0,25.0,100.0,22.2,20.2,98.0,63.0,84.0,,,,8.6,Hong Kong
2024-03-29,55.0,21.0,28.3,9.5,27.0,,1.6,,24.2,21.8,100.0,99.0,100.0,23.3,20.9,99.0,67.0,87.0,,,,4.5,Hong Kong
2024-03-30,61.0,21.4,28.6,16.1,37.8,,2.7,,24.7,22.1,59.0,0.0,100.0,23.7,21.0,99.0,64.0,87.0,,,,9.5,Hong Kong
2024-03-31,63.0,21.9,27.1,16.2,40.7,,15.5,,24.5,23.8,88.0,22.0,100.0,25.4,21.6,100.0,90.0,96.0,,,,11.3,Hong Kong
2024-04-01,63.0,22.2,27.3,24.5,52.6,,12.7,,24.7,23.6,65.0,27.0,100.0,25.8,22.0,99.0,82.0,94.0,,,,15.4,Hong Kong
2024-04-02,53.0,23.7,28.4,24.3,53.3,,3.8,,25.3,23.4,43.0,14.0,100.0,24.3,22.3,99.0,71.0,90.0,,,,17.1,Hong Kong
2024-04-03,61.0,24.1,27.8,23.3,47.9,,8.7,,25.5,23.9,46.0,20.0,100.0,24.7,23.1,96.0,78.0,91.0,,,,16.2,Hong Kong
2024-04-04,61.0,23.8,28.0,23.5,50.8,,6.4,,25.6,24.1,57.0,17.0,100.0,25.6,23.1,99.0,80.0,92.0,,,,12.8,Hong Kong
2024-04-05,53.0,23.1,27.8,19.9,45.0,,4.3,,25.2,23.1,65.0,21.0,100.0,24.0,22.0,99.0,74.0,89.0,,,,16.3,Hong Kong
2024-04-06,65.0,22.1,26.2,24.3,58.7,,17.4,,23.7,22.6,96.0,71.0,100.0,23.8,21.2,98.0,84.0,93.0,,,,16.8,Hong Kong
2024-04-07,61.0,23.4,27.8,17.0,38.5,,10.9,,24.9,23.5,90.0,34.0,100.0,24.4,22.4,99.0,78.0,92.0,,,,9.6,Hong Kong
2024-04-08,61.0,20.6,27.7,15.5,33.1,,5.2,,24.8,23.2,69.0,9.0,100.0,24.5,18.9,99.0,77.0,91.0,,,,9.1,Hong Kong
2024-04-09,51.0,19.2,23.4,23.2,46.4,,0.7,,21.3,17.9,93.0,49.0,100.0,19.6,15.7,86.0,78.0,81.0,,,,16.1,Hong Kong
2024-04-10,3.0,20.3,24.8,22.0,45.4,,0.0,,22.3,17.5,47.0,1.0,100.0,19.8,16.2,90.0,61.0,75.0,,,,15.2,Hong Kong
2024-04-11,3.0,21.3,25.7,17.3,37.1,,0.0,,23.0,20.1,36.0,0.0,95.0,21.0,19.3,96.0,73.0,84.0,,,,11.2,Hong Kong
2024-04-12,3.0,21.4,27.7,11.2,30.2,,0.0,,23.9,21.8,22.0,0.0,96.0,22.7,20.9,98.0,72.0,89.0,,,,6.5,Hong Kong
2024-04-13,51.0,20.8,28.1,11.6,29.9,,0.2,,24.7,22.6,65.0,0.0,100.0,23.8,20.7,99.0,73.0,89.0,,,,7.0,Hong Kong
2024-04-14,53.0,23.6,28.8,17.1,40.0,,2.2,,25.7,23.6,72.0,20.0,99.0,24.6,22.9,99.0,71.0,89.0,,,,10.8,Hong Kong
2024-04-15,51.0,23.1,28.9,16.0,36.4,,1.6,,25.8,23.9,85.0,0.0,100.0,24.5,22.8,99.0,72.0,90.0,,,,8.3,Hong Kong
2024-04-16,51.0,21.3,29.2,20.1,45.7,,0.9,,25.6,23.3,47.0,0.0,100.0,24.8,21.3,100.0,67.0,88.0,,,,12.0,Hong Kong
2024-04-17,61.0,24.7,29.0,21.2,46.8,,4.2,,26.5,24.4,68.0,15.0,100.0,25.1,23.3,99.0,72.0,89.0,,,,13.1,Hong Kong
2024-04-18,53.0,24.1,26.7,14.8,31.3,,2.7,,25.4,24.0,86.0,4.0,100.0,25.1,23.0,99.0,84.0,92.0,,,,9.0,Hong Kong
2024-04-19,63.0,23.3,28.0,25.5,52.9,,15.3,,25.8,23.7,89.0,38.0,100.0,24.5,22.8,98.0,76.0,89.0,,,,18.2,Hong Kong
2024-04-20,63.0,23.1,28.8,23.1,52.2,,27.4,,26.2,24.5,88.0,39.0,100.0,25.3,22.9,99.0,76.0,90.0,,,,17.4,Hong Kong
2024-04-21,63.0,22.9,26.4,26.0,60.8,,23.5,,24.8,23.6,94.0,59.0,100.0,24.8,22.3,98.0,82.0,93.0,,,,16.9,Hong Kong
2024-04-22,65.0,22.3,28.4,18.6,44.3,,42.2,,24.7,23.2,80.0,8.0,100.0,24.3,21.6,99.0,76.0,92.0,,,,9.4,Hong Kong
2024-04-23,65.0,22.5,26.1,16.1,38.5,,36.8,,24.0,23.5,94.0,36.0,100.0,24.7,22.2,100.0,87.0,97.0,,,,8.9,Hong Kong
2024-04-24,63.0,22.7,28.1,15.5,32.0,,7.2,,25.2,23.9,88.0,41.0,100.0,25.3,22.4,99.0,84.0,93.0,,,,6.0,Hong Kong
2024-04-25,65.0,22.8,25.8,23.8,51.8,,38.3,,24.2,23.4,89.0,16.0,100.0,24.8,22.7,100.0,87.0,95.0,,,,15.0,Hong Kong
2024-04-26,65.0,22.5,27.2,27.5,58.7,,79.9,,24.4,23.5,94.0,53.0,100.0,24.3,22.4,100.0,84.0,95.0,,,,13.6,Hong Kong
2024-04-27,65.0,22.7,28.8,14.1,40.3,,60.4,,24.9,24.0,89.0,35.0,100.0,26.8,22.3,100.0,88.0,95.0,,,,10.2,Hong Kong
2024-04-28,65.0,22.4,26.2,20.2,47.2,,73.9,,24.4,23.3,87.0,42.0,100.0,24.5,22.1,99.0,82.0,94.0,,,,13.5,Hong Kong
2024-04-29,61.0,24.8,28.8,20.8,43.6,,9.1,,26.7,25.7,64.0,28.0,100.0,26.5,24.5,100.0,84.0,94.0,,,,15.5,Hong Kong
2024-04-30,65.0,23.4,29.2,23.6,50.0,,50.9,,26.6,25.3,63.0,19.0,100.0,26.5,23.2,99.0,81.0,93.0,,,,16.7,Hong Kong
2024-05-01,65.0,22.8,25.3,12.9,31.3,,41.7,,23.7,23.0,95.0,43.0,100.0,23.6,22.6,99.0,86.0,96.0,,,,5.9,Hong Kong
2024-05-02,51.0,21.3,25.1,22.0,51.5,,1.4,,23.6,22.1,88.0,29.0,100.0,22.9,20.9,98.0,84.0,91.0,,,,15.7,Hong Kong
2024-05-03,55.0,23.3,26.0,26.1,57.2,,2.8,,24.4,22.4,100.0,93.0,100.0,22.9,21.6,94.0,80.0,89.0,,,,19.1,Hong Kong
2024-05-04,63.0,22.2,25.2,18.6,40.0,,30.8,,23.8,23.2,99.0,81.0,100.0,23.9,21.8,99.0,90.0,96.0,,,,13.8,Hong Kong
2024-05-05,63.0,21.1,27.2,11.8,38.2,,5.9,,24.3,22.7,49.0,6.0,100.0,24.1,20.9,99.0,81.0,91.0,,,,5.8,Hong Kong
2024-05-06,61.0,22.5,28.9,12.2,29.5,,2.8,,25.7,24.2,77.0,1.0,100.0,25.8,22.4,99.0,79.0,92.0,,,,5.9,Hong Kong
2024-05-07,63.0,22.2,29.0,15.7,36.0,,5.7,,25.2,23.6,79.0,25.0,100.0,24.9,21.9,98.0,77.0,91.0,,,,7.9,Hong Kong
2024-05-08,63.0,23.2,29.0,10.7,23.4,,8.3,,25.3,23.1,86.0,31.0,100.0,24.0,21.1,97.0,71.0,88.0,,,,7.5,Hong Kong
2024-05-09,3.0,23.9,26.2,25.5,56.2,,0.0,,24.7,19.9,89.0,35.0,100.0,22.1,18.5,87.0,66.0,75.0,,,,20.7,Hong Kong
2024-05-10,3.0,23.2,26.3,23.9,50.8,,0.0,,24.6,21.1,91.0,40.0,100.0,22.6,19.5,89.0,75.0,81.0,,,,19.5,Hong Kong
2024-05-11,51.0,23.7,28.1,16.2,34.6,,0.6,,25.7,23.6,92.0,43.0,100.0,24.6,22.4,98.0,78.0,88.0,,,,12.0,Hong Kong
2024-05-12,63.0,24.0,29.4,7.2,21.6,,9.7,,26.1,24.9,87.0,16.0,100.0,26.1,24.0,100.0,80.0,93.0,,,,3.4,Hong Kong
2024-05-13,65.0,22.9,29.4,18.8,37.1,,25.8,,24.8,23.3,89.0,21.0,100.0,24.5,21.9,99.0,73.0,92.0,,,,10.0,Hong Kong
2024-05-14,51.0,22.1,26.0,18.9,40.0,,0.2,,23.8,18.4,37.0,0.0,100.0,21.7,15.0,94.0,52.0,73.0,,,,14.1,Hong Kong
2024-05-15,3.0,22.1,27.1,13.0,30.6,,0.0,,24.3,19.4,64.0,3.0,100.0,21.1,16.6,93.0,54.0,75.0,,,,9.8,Hong Kong
2024-05-16,3.0,21.7,26.3,26.5,58.3,,0.0,,23.9,17.6,11.0,0.0,99.0,20.0,13.9,86.0,48.0,69.0,,,,16.9,Hong Kong
2024-05-17,61.0,22.3,26.6,15.0,35.3,,3.1,,24.1,20.1,59.0,0.0,100.0,20.9,19.1,90.0,66.0,79.0,,,,11.4,Hong Kong
2024-05-18,51.0,23.1,27.3,18.0,41.0,,1.0,,24.8,21.0,99.0,92.0,100.0,22.1,20.0,90.0,67.0,80.0,,,,13.4,Hong Kong
2024-05-19,63.0,21.2,26.4,26.3,56.5,,15.3,,23.6,21.7,99.0,77.0,100.0,23.6,19.7,99.0,76.0,89.0,,,,19.4,Hong Kong
2024-05-20,65.0,22.8,25.4,20.3,40.7,,41.2,,24.0,23.6,100.0,100.0,100.0,24.5,22.4,99.0,94.0,98.0,,,,13.7,Hong Kong
2024-05-21,65.0,22.9,27.5,19.4,40.7,,31.9,,25.0,23.9,100.0,97.0,100.0,24.9,22.5,99.0,85.0,94.0,,,,10.6,Hong Kong
2024-05-22,65.0,23.9,26.6,12.0,29.9,,14.7,,25.0,24.2,100.0,100.0,100.0,25.2,23.8,100.0,90.0,96.0,,,,5.6,Hong Kong
2024-05-23,65.0,24.0,26.1,15.6,37.1,,27.8,,24.9,24.1,100.0,97.0,100.0,24.8,23.5,99.0,89.0,95.0,,,,7.8,Hong Kong
2024-05-24,65.0,23.8,25.2,17.3,37.4,,44.0,,24.5,24.1,100.0,100.0,100.0,24.7,23.5,99.0,93.0,98.0,,,,10.0,Hong Kong
2024-05-25,65.0,23.1,27.4,11.9,37.8,,61.1,,25.1,24.0,97.0,53.0,100.0,25.3,22.9,99.0,81.0,94.0,,,,6.8,Hong Kong
2024-05-26,63.0,24.5,28.5,14.8,32.8,,6.1,,26.3,25.0,100.0,98.0,100.0,26.0,24.0,99.0,83.0,93.0,,,,6.7,Hong Kong
2024-05-27,65.0,25.0,28.3,22.8,50.8,,31.8,,26.4,25.1,97.0,85.0,100.0,25.8,24.2,99.0,80.0,93.0,,,,12.6,Hong Kong
2024-05-28,65.0,24.2,29.8,25.2,52.2,,33.2,,26.3,25.0,86.0,53.0,100.0,26.5,23.8,99.0,82.0,93.0,,,,8.0,Hong Kong
2024-05-29,3.0,24.0,26.0,27.3,58.3,,0.0,,25.1,21.2,85.0,22.0,100.0,23.7,19.1,91.0,66.0,79.0,,,,25.2,Hong Kong
2024-05-30,53.0,24.4,27.0,24.7,54.4,,2.4,,25.5,23.6,100.0,100.0,100.0,24.9,21.8,96.0,82.0,89.0,,,,21.7,Hong Kong
2024-05-31,63.0,25.2,28.2,20.9,49.3,,21.7,,26.4,25.3,96.0,64.0,100.0,26.2,24.8,99.0,85.0,94.0,,,,16.1,Hong Kong
2024-06-01,63.0,25.0,26.4,30.4,63.7,,43.2,,25.7,25.1,100.0,96.0,100.0,25.5,24.7,99.0,92.0,96.0,,,,24.5,Hong Kong
2024-06-02,63.0,25.3,30.6,18.0,38.9,,16.6,,27.4,25.4,94.0,29.0,100.0,26.2,24.7,98.0,71.0,89.0,,,,12.2,Hong Kong
2024-06-03,63.0,24.0,26.3,21.3,46.8,,15.3,,25.3,24.2,87.0,13.0,100.0,25.6,23.4,99.0,87.0,94.0,,,,14.7,Hong Kong
2024-06-04,53.0,23.3,26.5,27.8,59.4,,4.4,,24.6,22.6,100.0,94.0,100.0,23.4,21.9,98.0,80.0,89.0,,,,22.6,Hong Kong
2024-06-05,51.0,23.5,27.1,21.7,47.5,,1.0,,25.2,23.4,100.0,94.0,100.0,24.6,21.9,98.0,82.0,90.0,,,,18.0,Hong Kong
2024-06-06,63.0,24.5,28.6,11.4,25.9,,28.8,,25.7,25.0,100.0,100.0,100.0,25.8,24.4,99.0,85.0,96.0,,,,7.5,Hong Kong
2024-06-07,61.0,24.8,26.7,16.9,39.2,,4.8,,25.7,24.5,94.0,53.0,100.0,25.2,23.9,98.0,88.0,94.0,,,,11.5,Hong Kong
2024-06-08,61.0,24.8,27.8,16.1,37.8,,7.6,,26.0,24.7,94.0,70.0,100.0,25.3,24.1,99.0,84.0,93.0,,,,11.4,Hong Kong
2024-06-09,63.0,24.9,27.5,13.9,37.1,,15.9,,26.0,25.0,97.0,75.0,100.0,25.7,24.3,99.0,86.0,95.0,,,,10.2,Hong Kong
2024-06-10,63.0,25.7,28.9,16.4,40.7,,9.0,,26.8,25.4,93.0,33.0,100.0,25.9,24.9,99.0,84.0,92.0,,,,10.8,Hong Kong
2024-06-11,63.0,25.2,28.2,14.7,32.8,,15.0,,26.6,25.5,96.0,62.0,100.0,26.3,24.8,99.0,86.0,94.0,,,,9.7,Hong Kong
2024-06-12,53.0,26.8,30.4,21.2,46.4,,3.1,,28.0,26.3,94.0,48.0,100.0,27.1,25.3,97.0,82.0,91.0,,,,14.2,Hong Kong
2024-06-13,65.0,25.6,29.2,17.3,43.2,,18.5,,27.6,26.1,100.0,100.0,100.0,27.1,25.0,99.0,83.0,92.0,,,,13.2,Hong Kong
2024-06-14,63.0,25.7,29.0,20.8,41.4,,14.8,,27.5,26.2,100.0,100.0,100.0,27.1,25.3,98.0,85.0,93.0,,,,15.3,Hong Kong
2024-06-15,63.0,25.3,28.5,20.8,49.0,,11.1,,27.1,25.7,99.0,87.0,100.0,26.5,24.5,98.0,85.0,92.0,,,,14.7,Hong Kong
2024-06-16,63.0,26.1,28.2,18.2,41.8,,17.2,,27.0,26.2,99.0,85.0,100.0,27.2,25.2,99.0,89.0,95.0,,,,12.7,Hong Kong
2024-06-17,53.0,26.6,30.2,19.9,43.6,,5.0,,28.3,26.4,83.0,25.0,100.0,27.0,25.6,99.0,79.0,90.0,,,,16.1,Hong Kong
2024-06-18,63.0,26.6,28.9,18.0,35.6,,9.7,,27.6,25.9,99.0,95.0,100.0,26.6,25.3,95.0,85.0,91.0,,,,12.3,Hong Kong
2024-06-19,51.0,26.7,30.3,17.6,40.7,,2.7,,28.5,26.4,97.0,77.0,100.0,27.0,25.6,95.0,82.0,89.0,,,,13.6,Hong Kong
2024-06-20,53.0,26.2,30.6,17.4,38.2,,3.5,,28.5,26.0,91.0,46.0,100.0,26.5,25.4,95.0,76.0,87.0,,,,12.8,Hong Kong
2024-06-21,53.0,27.2,30.6,14.4,34.6,,3.0,,28.8,26.4,68.0,14.0,100.0,27.1,26.0,94.0,79.0,87.0,,,,11.5,Hong Kong
2024-06-22,51.0,27.6,31.3,17.8,39.2,,3.0,,29.1,26.2,99.0,90.0,100.0,27.1,25.1,93.0,73.0,85.0,,,,13.5,Hong Kong
2024-06-23,53.0,26.4,30.9,20.7,45.7,,6.4,,28.7,25.6,89.0,19.0,100.0,26.8,25.1,98.0,72.0,84.0,,,,14.6,Hong Kong
2024-06-24,63.0,26.7,29.9,20.0,43.6,,10.8,,28.1,25.9,93.0,15.0,100.0,26.4,25.1,97.0,80.0,88.0,,,,13.4,Hong Kong
2024-06-25,61.0,25.5,30.0,17.3,44.6,,9.1,,27.7,25.9,97.0,71.0,100.0,26.8,24.8,98.0,81.0,90.0,,,,11.8,Hong Kong
2024-06-26,51.0,25.4,31.0,16.0,39.2,,1.4,,28.0,25.5,78.0,11.0,100.0,26.5,24.5,95.0,73.0,87.0,,,,10.4,Hong Kong
2024-06-27,61.0,25.6,31.1,15.5,33.5,,4.0,,28.3,25.7,85.0,51.0,100.0,26.4,24.5,97.0,74.0,86.0,,,,11.3,Hong Kong
2024-06-28,63.0,27.0,30.9,17.1,38.2,,7.1,,28.6,26.2,69.0,13.0,100.0,27.7,24.6,95.0,78.0,87.0,,,,10.4,Hong Kong
2024-06-29,61.0,26.1,29.3,24.4,50.8,,8.7,,27.9,25.6,99.0,86.0,100.0,26.3,25.0,97.0,80.0,87.0,,,,15.4,Hong Kong
2024-06-30,63.0,26.3,30.3,24.4,53.3,,11.7,,28.4,26.0,96.0,51.0,100.0,27.0,24.8,98.0,75.0,87.0,,,,19.3,Hong Kong
2024-07-01,55.0,27.1,31.1,26.1,54.0,,6.7,,28.9,26.4,74.0,14.0,100.0,27.3,25.6,95.0,78.0,87.0,,,,20.1,Hong Kong
2024-07-02,53.0,28.0,30.2,22.7,54.7,,4.9,,28.9,26.4,95.0,24.0,100.0,27.1,25.7,92.0,77.0,86.0,,,,18.0,Hong Kong
2024-07-03,53.0,26.6,31.1,16.1,37.4,,1.5,,28.8,25.8,19.0,6.0,74.0,26.8,24.9,93.0,73.0,84.0,,,,11.8,Hong Kong
2024-07-04,51.0,26.9,31.3,10.7,27.0,,1.1,,28.6,26.0,22.0,0.0,95.0,26.5,25.3,93.0,73.0,86.0,,,,7.2,Hong Kong
2024-07-05,51.0,26.2,31.4,9.8,28.8,,0.5,,28.7,25.8,10.0,0.0,36.0,26.5,25.1,95.0,74.0,85.0,,,,6.0,Hong Kong
2024-07-06,53.0,27.3,31.0,10.8,27.4,,3.5,,29.2,25.9,27.0,6.0,64.0,26.7,25.4,90.0,75.0,83.0,,,,8.5,Hong Kong
2024-07-07,55.0,27.2,30.7,15.0,33.8,,3.8,,28.8,25.9,54.0,5.0,93.0,26.6,25.2,93.0,75.0,85.0,,,,10.2,Hong Kong
2024-07-08,53.0,27.5,31.0,13.6,34.2,,1.4,,28.7,25.7,29.0,7.0,96.0,26.3,24.8,91.0,75.0,84.0,,,,9.9,Hong Kong
2024-07-09,51.0,27.9,31.7,13.3,31.3,,0.1,,29.6,24.6,27.0,7.0,97.0,25.4,23.6,81.0,68.0,75.0,,,,9.7,Hong Kong
2024-07-10,51.0,27.4,31.1,13.3,31.7,,0.7,,29.2,25.1,16.0,3.0,49.0,25.9,24.5,85.0,72.0,79.0,,,,9.6,Hong Kong
2024-07-11,51.0,26.5,31.1,13.8,33.5,,1.9,,28.8,25.5,64.0,13.0,100.0,26.2,24.7,96.0,73.0,83.0,,,,9.9,Hong Kong
2024-07-12,65.0,26.9,29.8,14.0,35.6,,18.0,,28.3,25.6,91.0,62.0,100.0,26.2,24.7,95.0,78.0,85.0,,,,11.4,Hong Kong
2024-07-13,51.0,27.1,31.6,14.5,34.9,,1.6,,29.2,25.4,52.0,5.0,100.0,26.0,24.8,91.0,69.0,80.0,,,,11.6,Hong Kong
2024-07-14,51.0,28.0,32.5,23.9,51.8,,1.3,,29.6,25.5,75.0,12.0,100.0,26.1,25.2,87.0,66.0,79.0,,,,15.5,Hong Kong
2024-07-15,53.0,26.4,31.8,21.6,47.2,,4.6,,28.9,25.6,85.0,23.0,100.0,26.7,24.5,93.0,68.0,83.0,,,,18.0,Hong Kong
2024-07-16,63.0,26.7,29.8,21.0,48.2,,11.8,,28.2,25.4,74.0,25.0,100.0,25.8,24.7,93.0,78.0,85.0,,,,15.6,Hong Kong
2024-07-17,53.0,27.7,30.8,18.5,46.1,,3.8,,28.9,25.3,55.0,14.0,100.0,25.9,24.7,90.0,73.0,81.0,,,,15.0,Hong Kong
2024-07-18,51.0,27.8,31.4,17.1,41.8,,2.2,,29.1,25.4,48.0,7.0,100.0,26.0,24.9,87.0,72.0,81.0,,,,14.3,Hong Kong
2024-07-19,63.0,26.4,30.6,15.0,33.5,,10.5,,28.2,25.9,92.0,42.0,100.0,26.8,25.6,98.0,76.0,88.0,,,,11.4,Hong Kong
2024-07-20,55.0,26.7,31.6,20.7,46.1,,6.7,,28.8,26.3,55.0,21.0,99.0,27.0,25.7,94.0,74.0,87.0,,,,16.2,Hong Kong
2024-07-21,63.0,26.0,30.5,19.5,43.2,,10.8,,27.9,25.9,84.0,35.0,100.0,26.3,25.3,99.0,77.0,89.0,,,,15.3,Hong Kong
2024-07-22,51.0,26.8,31.3,18.0,42.1,,2.7,,28.7,26.1,82.0,42.0,100.0,26.7,25.6,94.0,74.0,86.0,,,,13.2,Hong Kong
2024-07-23,53.0,26.7,31.6,13.6,34.6,,1.0,,29.0,26.3,88.0,29.0,100.0,26.9,25.7,95.0,73.0,86.0,,,,8.3,Hong Kong
2024-07-24,51.0,27.3,32.2,17.7,34.6,,0.2,,29.5,26.4,95.0,40.0,100.0,27.8,25.1,94.0,67.0,84.0,,,,11.4,Hong Kong
2024-07-25,61.0,28.1,33.4,27.3,59.8,,1.9,,30.2,26.9,96.0,29.0,100.0,27.9,26.0,94.0,68.0,83.0,,,,20.4,Hong Kong
2024-07-26,63.0,27.1,30.3,29.7,60.1,,25.3,,28.6,27.3,100.0,100.0,100.0,27.8,26.3,98.0,86.0,93.0,,,,22.1,Hong Kong
2024-07-27,63.0,26.0,28.9,23.7,47.5,,19.3,,27.9,25.9,100.0,100.0,100.0,26.5,25.2,99.0,84.0,89.0,,,,17.1,Hong Kong
2024-07-28,63.0,25.8,27.1,18.6,42.5,,44.7,,26.3,25.7,100.0,100.0,100.0,26.4,25.3,99.0,93.0,97.0,,,,14.9,Hong Kong
2024-07-29,63.0,24.9,28.0,18.9,46.8,,29.0,,26.3,25.1,100.0,99.0,100.0,25.6,24.5,98.0,84.0,93.0,,,,15.7,Hong Kong
2024-07-30,65.0,24.9,28.5,15.3,36.0,,38.4,,26.2,25.0,94.0,53.0,100.0,25.5,24.0,98.0,82.0,93.0,,,,12.0,Hong Kong
2024-07-31,63.0,24.8,29.0,20.1,49.3,,17.3,,27.0,25.4,74.0,18.0,100.0,26.0,24.6,99.0,81.0,91.0,,,,14.3,Hong Kong
2024-08-01,55.0,25.8,30.8,19.2,46.4,,8.5,,28.1,25.9,38.0,5.0,100.0,26.9,24.9,97.0,74.0,88.0,,,,14.4,Hong Kong
2024-08-02,53.0,27.0,30.4,17.9,39.2,,4.1,,28.5,26.2,26.0,5.0,59.0,26.9,25.6,96.0,76.0,88.0,,,,12.7,Hong Kong
2024-08-03,51.0,27.2,31.5,14.8,35.3,,0.4,,28.9,26.5,15.0,0.0,36.0,26.9,26.1,96.0,75.0,87.0,,,,9.5,Hong Kong
2024-08-04,3.0,26.8,33.3,13.2,31.3,,0.0,,29.5,26.3,17.0,0.0,98.0,27.7,24.7,97.0,61.0,84.0,,,,8.9,Hong Kong
2024-08-05,63.0,25.5,32.9,7.7,30.2,,14.5,,29.3,27.5,56.0,0.0,100.0,29.1,24.4,98.0,78.0,90.0,,,,5.3,Hong Kong
2024-08-06,61.0,25.9,31.5,9.4,27.4,,4.7,,28.5,26.4,59.0,0.0,100.0,27.4,25.4,97.0,78.0,88.0,,,,5.1,Hong Kong
2024-08-07,51.0,26.5,32.8,11.0,26.6,,1.6,,30.0,26.7,32.0,4.0,100.0,27.8,25.3,95.0,70.0,83.0,,,,6.0,Hong Kong
2024-08-08,55.0,28.1,32.2,17.7,40.0,,1.6,,29.8,26.5,67.0,1.0,100.0,27.8,25.4,95.0,68.0,83.0,,,,12.7,Hong Kong
2024-08-09,3.0,28.1,32.1,17.8,40.7,,0.0,,29.6,26.1,62.0,7.0,100.0,26.7,25.6,92.0,69.0,82.0,,,,14.9,Hong Kong
2024-08-10,65.0,25.7,31.5,15.5,34.6,,14.8,,29.0,26.3,100.0,95.0,100.0,27.2,25.2,99.0,75.0,85.0,,,,11.8,Hong Kong
2024-08-11,53.0,28.0,31.9,12.2,30.6,,1.5,,29.4,26.4,100.0,97.0,100.0,27.3,25.7,92.0,73.0,84.0,,,,8.8,Hong Kong
2024-08-12,63.0,25.8,29.4,11.9,27.4,,24.2,,27.5,26.1,100.0,100.0,100.0,26.9,25.5,99.0,81.0,92.0,,,,6.2,Hong Kong
2024-08-13,65.0,26.8,30.2,12.6,28.8,,17.7,,28.0,26.2,98.0,67.0,100.0,26.7,25.6,97.0,81.0,90.0,,,,6.7,Hong Kong
2024-08-14,55.0,26.3,30.1,13.6,32.0,,3.0,,28.0,26.1,100.0,100.0,100.0,26.7,25.6,99.0,78.0,90.0,,,,6.9,Hong Kong
2024-08-15,61.0,26.3,29.3,13.6,30.6,,4.1,,27.6,25.6,100.0,100.0,100.0,26.2,24.9,98.0,80.0,89.0,,,,6.5,Hong Kong
2024-08-16,63.0,24.9,29.2,16.9,39.6,,15.1,,27.0,25.2,98.0,61.0,100.0,25.7,24.5,99.0,80.0,90.0,,,,10.0,Hong Kong
2024-08-17,65.0,25.1,28.0,17.8,39.2,,55.5,,26.2,25.4,100.0,100.0,100.0,26.4,24.7,99.0,90.0,96.0,,,,11.6,Hong Kong
2024-08-18,63.0,25.3,29.1,21.4,51.5,,34.1,,26.8,25.7,100.0,100.0,100.0,26.6,25.0,99.0,83.0,94.0,,,,16.3,Hong Kong
2024-08-19,65.0,25.7,28.2,21.1,43.2,,48.3,,26.7,25.8,100.0,100.0,100.0,26.4,25.3,99.0,87.0,95.0,,,,15.8,Hong Kong
2024-08-20,63.0,25.5,27.5,22.5,44.3,,39.4,,26.3,25.7,100.0,100.0,100.0,26.4,25.1,99.0,91.0,96.0,,,,16.9,Hong Kong
2024-08-21,63.0,25.4,27.3,17.3,38.9,,37.7,,26.2,25.6,100.0,100.0,100.0,26.2,24.8,99.0,87.0,97.0,,,,12.1,Hong Kong
2024-08-22,63.0,26.6,29.2,12.3,32.4,,6.5,,27.7,26.1,100.0,93.0,100.0,27.1,24.8,95.0,86.0,91.0,,,,8.4,Hong Kong
2024-08-23,51.0,26.6,30.3,11.0,23.4,,1.2,,28.2,25.9,100.0,98.0,100.0,26.6,24.8,96.0,72.0,88.0,,,,6.9,Hong Kong
2024-08-24,53.0,26.7,31.9,9.7,24.8,,1.9,,28.5,26.2,76.0,0.0,100.0,26.8,25.7,97.0,72.0,88.0,,,,6.6,Hong Kong
2024-08-25,51.0,26.1,32.2,9.7,24.8,,0.6,,28.5,25.7,54.0,0.0,100.0,26.4,24.4,97.0,63.0,86.0,,,,5.1,Hong Kong
2024-08-26,53.0,25.8,31.8,10.0,23.0,,1.0,,28.6,25.5,36.0,0.0,100.0,26.3,24.4,98.0,67.0,84.0,,,,5.8,Hong Kong
2024-08-27,51.0,27.1,32.3,11.6,29.2,,0.2,,29.3,26.0,53.0,0.0,100.0,26.9,24.9,95.0,65.0,83.0,,,,7.6,Hong Kong
2024-08-28,63.0,26.8,33.6,11.4,28.1,,5.0,,29.4,26.8,97.0,83.0,100.0,27.7,25.4,97.0,69.0,86.0,,,,7.1,Hong Kong
2024-08-29,63.0,25.3,30.6,11.0,24.5,,11.5,,27.7,25.9,78.0,11.0,100.0,26.9,25.0,99.0,77.0,90.0,,,,6.8,Hong Kong
2024-08-30,53.0,26.0,30.2,16.5,38.5,,1.4,,28.0,26.1,54.0,5.0,100.0,27.0,25.3,99.0,81.0,90.0,,,,10.6,Hong Kong
2024-08-31,63.0,26.4,29.6,21.9,48.6,,15.6,,27.5,25.9,91.0,41.0,100.0,26.4,25.1,97.0,81.0,91.0,,,,12.9,Hong Kong
2024-09-01,61.0,26.0,31.3,8.9,21.2,,3.7,,28.5,26.5,81.0,24.0,100.0,27.1,25.5,98.0,74.0,89.0,,,,5.3,Hong Kong
2024-09-02,63.0,25.4,32.0,6.6,21.2,,5.4,,28.6,26.5,80.0,11.0,100.0,27.8,24.7,99.0,77.0,88.0,,,,3.7,Hong Kong
2024-09-03,65.0,24.3,32.1,10.8,27.0,,17.0,,28.0,25.1,90.0,27.0,100.0,27.2,23.3,99.0,71.0,85.0,,,,5.9,Hong Kong
2024-09-04,61.0,25.3,31.9,11.2,28.8,,4.5,,28.2,25.0,99.0,90.0,100.0,26.1,23.6,98.0,64.0,84.0,,,,6.7,Hong Kong
2024-09-05,63.0,24.8,31.6,37.6,81.4,,16.4,,27.5,24.9,98.0,80.0,100.0,25.6,23.7,98.0,63.0,86.0,,,,22.6,Hong Kong
2024-09-06,63.0,25.0,27.6,40.0,83.5,,60.0,,25.9,25.2,98.0,63.0,100.0,25.9,24.3,98.0,86.0,96.0,,,,32.7,Hong Kong
2024-09-07,63.0,25.4,30.1,27.9,61.2,,20.8,,27.3,25.6,100.0,95.0,100.0,26.5,24.6,98.0,81.0,91.0,,,,19.8,Hong Kong
2024-09-08,61.0,25.5,28.8,14.9,41.4,,6.3,,27.1,25.4,100.0,100.0,100.0,26.8,24.9,98.0,81.0,91.0,,,,10.1,Hong Kong
2024-09-09,65.0,25.2,28.3,12.7,30.2,,26.1,,26.5,24.9,94.0,65.0,100.0,26.0,24.3,96.0,80.0,91.0,,,,8.1,Hong Kong
2024-09-10,61.0,24.7,30.9,11.8,28.4,,2.7,,27.4,24.6,58.0,3.0,100.0,25.4,24.0,97.0,67.0,85.0,,,,7.2,Hong Kong
2024-09-11,63.0,25.3,30.9,7.6,27.7,,3.3,,27.6,25.5,45.0,0.0,100.0,26.4,24.4,97.0,75.0,89.0,,,,4.1,Hong Kong
2024-09-12,63.0,25.4,30.6,7.3,25.6,,4.0,,28.0,25.9,19.0,0.0,100.0,26.4,24.8,96.0,75.0,88.0,,,,4.1,Hong Kong
2024-09-13,63.0,25.4,31.8,9.4,24.1,,4.8,,28.0,24.8,72.0,14.0,100.0,26.2,23.6,97.0,63.0,84.0,,,,5.7,Hong Kong
2024-09-14,51.0,24.6,31.1,9.5,32.8,,1.1,,27.3,24.1,63.0,6.0,100.0,25.8,23.6,97.0,65.0,84.0,,,,5.6,Hong Kong
2024-09-15,61.0,24.7,31.4,8.4,21.6,,4.2,,27.0,24.5,54.0,5.0,100.0,25.6,23.6,94.0,68.0,87.0,,,,4.2,Hong Kong
2024-09-16,61.0,24.7,29.6,14.7,34.9,,4.9,,27.1,24.7,83.0,15.0,100.0,25.6,23.4,98.0,76.0,87.0,,,,9.1,Hong Kong
2024-09-17,63.0,26.0,32.8,19.5,45.4,,4.7,,28.7,25.7,61.0,1.0,100.0,27.2,24.8,95.0,67.0,84.0,,,,9.2,Hong Kong
2024-09-18,51.0,25.5,31.8,23.0,49.0,,1.1,,28.5,24.6,44.0,1.0,100.0,26.0,23.3,96.0,62.0,81.0,,,,13.8,Hong Kong
2024-09-19,51.0,27.5,30.5,20.5,42.5,,0.8,,28.6,25.1,87.0,19.0,100.0,25.7,24.4,89.0,71.0,82.0,,,,15.5,Hong Kong
2024-09-20,55.0,26.2,30.1,8.2,23.8,,3.5,,27.7,25.8,82.0,29.0,100.0,26.4,25.3,99.0,78.0,90.0,,,,5.6,Hong Kong
2024-09-21,65.0,24.6,28.5,20.2,43.9,,50.8,,26.7,25.7,99.0,88.0,100.0,26.6,24.3,99.0,87.0,94.0,,,,8.9,Hong Kong
2024-09-22,65.0,23.3,26.9,19.1,39.6,,71.0,,25.1,24.5,100.0,100.0,100.0,26.2,22.8,99.0,92.0,97.0,,,,14.0,Hong Kong
2024-09-23,63.0,21.8,26.4,16.8,34.6,,29.9,,24.0,23.3,100.0,100.0,100.0,24.8,21.3,99.0,89.0,96.0,,,,10.6,Hong Kong
2024-09-24,63.0,24.4,26.2,18.0,43.6,,44.8,,25.2,24.7,100.0,99.0,100.0,25.4,24.1,99.0,91.0,97.0,,,,8.1,Hong Kong
2024-09-25,63.0,25.3,29.9,10.3,27.4,,7.7,,27.1,25.3,64.0,6.0,100.0,26.4,24.7,98.0,78.0,90.0,,,,7.5,Hong Kong
2024-09-26,61.0,25.0,30.7,13.1,30.6,,1.5,,27.7,25.0,65.0,15.0,100.0,26.2,24.4,96.0,71.0,86.0,,,,7.9,Hong Kong
2024-09-27,51.0,26.2,31.1,11.2,26.6,,0.7,,28.1,25.5,29.0,0.0,100.0,26.3,24.5,96.0,68.0,86.0,,,,7.9,Hong Kong
2024-09-28,63.0,24.7,30.3,13.1,29.9,,11.3,,27.1,25.2,66.0,3.0,100.0,26.4,24.2,98.0,77.0,89.0,,,,7.7,Hong Kong
2024-09-29,55.0,25.5,30.7,11.5,22.3,,3.2,,27.3,24.8,36.0,3.0,100.0,25.6,23.9,94.0,74.0,86.0,,,,5.5,Hong Kong
2024-09-30,3.0,25.2,32.8,15.2,31.7,,0.0,,28.6,24.6,24.0,0.0,100.0,26.2,23.6,96.0,59.0,80.0,,,,10.0,Hong Kong
2024-10-01,51.0,26.1,31.9,21.6,46.1,,0.2,,28.8,22.4,39.0,0.0,100.0,24.3,19.4,78.0,62.0,69.0,,,,16.3,Hong Kong
2024-10-02,3.0,21.7,26.8,24.0,51.1,,0.0,,24.5,16.1,86.0,14.0,100.0,18.4,12.1,67.0,52.0,60.0,,,,20.3,Hong Kong
2024-10-03,3.0,20.4,25.9,20.2,44.3,,0.0,,23.5,13.7,82.0,0.0,100.0,17.0,11.0,62.0,45.0,54.0,,,,16.5,Hong Kong
2024-10-04,3.0,21.0,27.5,16.6,34.2,,0.0,,23.9,14.7,50.0,0.0,100.0,18.8,9.9,76.0,43.0,57.0,,,,11.8,Hong Kong
2024-10-05,3.0,22.4,28.6,15.0,35.3,,0.0,,25.3,17.7,22.0,0.0,88.0,20.4,13.4,75.0,57.0,63.0,,,,11.2,Hong Kong
2024-10-06,2.0,22.8,30.6,11.6,28.8,,0.0,,26.6,21.5,15.0,0.0,51.0,24.5,19.3,93.0,61.0,74.0,,,,6.7,Hong Kong
2024-10-07,51.0,24.6,30.9,16.3,36.7,,0.4,,27.2,21.0,14.0,0.0,93.0,24.1,18.5,94.0,55.0,70.0,,,,9.7,Hong Kong
2024-10-08,1.0,22.7,29.6,16.5,37.4,,0.0,,26.1,18.7,6.0,0.0,23.0,21.7,16.0,84.0,56.0,64.0,,,,13.0,Hong Kong
2024-10-09,51.0,22.3,26.4,14.6,30.2,,0.6,,24.2,19.1,73.0,1.0,100.0,21.1,15.9,83.0,67.0,74.0,,,,9.8,Hong Kong
2024-10-10,51.0,21.6,29.2,12.9,29.5,,0.5,,25.1,19.4,39.0,0.0,100.0,21.7,16.3,85.0,55.0,71.0,,,,8.9,Hong Kong
2024-10-11,61.0,22.8,26.0,14.4,29.2,,6.1,,24.3,20.9,77.0,3.0,100.0,22.8,18.4,97.0,63.0,82.0,,,,9.9,Hong Kong
2024-10-12,1.0,23.8,27.7,18.5,42.5,,0.0,,25.6,19.6,7.0,0.0,36.0,21.5,17.4,81.0,54.0,70.0,,,,15.4,Hong Kong
2024-10-13,3.0,23.7,29.1,16.5,38.5,,0.0,,26.1,21.8,33.0,0.0,100.0,23.4,20.2,90.0,59.0,78.0,,,,14.1,Hong Kong
2024-10-14,51.0,24.6,29.2,19.9,44.3,,0.1,,26.6,23.2,12.0,0.0,47.0,24.5,22.4,93.0,69.0,82.0,,,,14.0,Hong Kong
2024-10-15,51.0,24.5,29.5,16.8,39.6,,0.8,,26.8,23.5,65.0,15.0,100.0,24.3,22.7,93.0,68.0,82.0,,,,12.6,Hong Kong
2024-10-16,51.0,24.9,29.2,23.1,51.5,,0.1,,27.0,22.7,85.0,9.0,100.0,24.3,21.3,90.0,62.0,78.0,,,,17.4,Hong Kong
2024-10-17,51.0,25.3,28.5,25.3,53.3,,1.5,,26.7,22.9,47.0,10.0,100.0,23.9,22.2,88.0,71.0,80.0,,,,18.3,Hong Kong
2024-10-18,53.0,25.4,29.1,17.3,40.0,,1.2,,26.8,24.0,95.0,40.0,100.0,24.7,23.2,93.0,73.0,85.0,,,,11.8,Hong Kong
2024-10-19,3.0,22.9,32.4,13.0,29.9,,0.0,,27.3,23.4,15.0,0.0,95.0,25.1,21.9,99.0,54.0,81.0,,,,7.5,Hong Kong
2024-10-20,51.0,24.7,29.5,27.9,61.2,,1.1,,26.7,22.9,47.0,2.0,100.0,24.8,21.5,93.0,62.0,81.0,,,,18.1,Hong Kong
2024-10-21,3.0,22.8,30.8,14.9,36.0,,0.0,,26.2,21.6,32.0,0.0,91.0,23.4,19.7,91.0,56.0,77.0,,,,10.2,Hong Kong
2024-10-22,3.0,23.3,31.3,21.3,44.3,,0.0,,27.0,20.2,44.0,0.0,100.0,23.1,17.3,95.0,48.0,69.0,,,,12.7,Hong Kong
2024-10-23,3.0,21.1,28.4,23.9,50.4,,0.0,,24.4,15.2,94.0,52.0,100.0,17.2,10.9,68.0,47.0,57.0,,,,19.6,Hong Kong
2024-10-24,3.0,19.0,27.9,20.7,47.5,,0.0,,23.2,9.5,91.0,15.0,100.0,10.9,7.7,54.0,30.0,43.0,,,,18.2,Hong Kong
2024-10-25,3.0,20.7,28.5,25.3,52.2,,0.0,,24.3,11.8,94.0,46.0,100.0,15.4,8.1,50.0,39.0,45.0,,,,21.8,Hong Kong
2024-10-26,55.0,21.3,29.4,29.2,58.7,,3.0,,25.3,18.0,95.0,60.0,100.0,23.5,13.3,89.0,50.0,65.0,,,,23.4,Hong Kong
2024-10-27,51.0,22.4,28.9,18.0,42.1,,1.2,,25.4,20.6,74.0,18.0,100.0,22.9,18.6,85.0,67.0,75.0,,,,13.9,Hong Kong
2024-10-28,3.0,21.2,27.1,18.6,41.8,,0.0,,24.0,18.2,68.0,6.0,100.0,20.2,16.1,76.0,62.0,70.0,,,,15.2,Hong Kong
2024-10-29,3.0,21.3,27.3,16.0,36.4,,0.0,,23.9,18.0,86.0,28.0,100.0,20.8,15.6,81.0,61.0,70.0,,,,11.8,Hong Kong
2024-10-30,51.0,20.9,28.6,14.2,32.8,,0.6,,24.5,17.2,56.0,1.0,100.0,18.4,15.5,80.0,52.0,64.0,,,,10.6,Hong Kong
2024-10-31,3.0,21.2,30.6,21.7,49.0,,0.0,,25.5,15.3,49.0,0.0,100.0,17.6,12.5,63.0,44.0,54.0,,,,16.8,Hong Kong
2024-11-01,3.0,22.5,30.5,21.7,44.6,,0.0,,25.9,16.3,68.0,1.0,100.0,17.9,14.9,63.0,47.0,56.0,,,,17.5,Hong Kong
2024-11-02,3.0,20.5,28.7,21.0,44.3,,0.0,,24.2,16.7,50.0,1.0,98.0,21.2,14.3,82.0,48.0,63.0,,,,15.7,Hong Kong
2024-11-03,51.0,22.5,28.3,17.3,39.6,,0.2,,24.9,20.4,58.0,1.0,100.0,22.7,19.0,94.0,58.0,77.0,,,,12.4,Hong Kong
2024-11-04,51.0,22.8,28.5,13.7,34.2,,0.1,,25.2,21.1,85.0,16.0,100.0,22.5,19.6,94.0,60.0,79.0,,,,9.6,Hong Kong
2024-11-05,51.0,21.4,28.6,14.5,35.3,,0.7,,24.9,18.1,48.0,2.0,100.0,21.7,16.0,89.0,51.0,67.0,,,,11.5,Hong Kong
2024-11-06,51.0,20.7,28.4,17.3,41.0,,0.1,,23.8,15.7,20.0,0.0,100.0,19.0,12.6,82.0,43.0,62.0,,,,13.2,Hong Kong
2024-11-07,51.0,18.6,26.6,15.8,38.2,,0.4,,22.0,12.8,22.0,0.0,100.0,19.2,9.3,86.0,34.0,58.0,,,,11.0,Hong Kong
2024-11-08,51.0,17.4,27.4,15.5,36.0,,0.1,,22.7,10.2,59.0,0.0,100.0,15.6,6.8,80.0,34.0,46.0,,,,11.4,Hong Kong
2024-11-09,53.0,21.4,28.2,26.5,55.4,,1.9,,24.0,16.2,97.0,85.0,100.0,22.8,10.3,94.0,47.0,63.0,,,,16.7,Hong Kong
2024-11-10,63.0,22.3,25.6,23.3,48.2,,6.7,,23.5,20.3,91.0,20.0,100.0,21.9,18.9,98.0,72.0,83.0,,,,15.6,Hong Kong
2024-11-11,51.0,20.9,26.9,17.8,41.0,,0.2,,23.4,20.0,71.0,1.0,100.0,21.6,18.2,94.0,69.0,82.0,,,,9.6,Hong Kong
2024-11-12,3.0,20.8,29.6,12.5,31.7,,0.0,,24.6,20.5,87.0,40.0,100.0,22.7,18.1,96.0,55.0,79.0,,,,7.7,Hong Kong
2024-11-13,63.0,22.3,27.6,24.1,54.4,,19.6,,24.3,21.7,100.0,91.0,100.0,23.0,20.1,96.0,64.0,86.0,,,,13.3,Hong Kong
2024-11-14,65.0,22.6,24.0,40.2,85.0,,75.1,,23.3,22.8,100.0,100.0,100.0,23.7,21.7,98.0,95.0,97.0,,,,28.3,Hong Kong
2024-11-15,65.0,23.2,25.1,16.0,37.8,,31.9,,23.9,23.3,90.0,8.0,100.0,24.3,22.7,100.0,89.0,96.0,,,,9.0,Hong Kong
2024-11-16,63.0,22.5,27.9,9.1,23.8,,26.9,,24.2,22.8,78.0,15.0,100.0,23.6,21.5,99.0,77.0,92.0,,,,4.5,Hong Kong
2024-11-17,61.0,22.5,27.8,11.9,32.4,,3.6,,24.4,22.2,69.0,19.0,100.0,23.2,21.2,99.0,68.0,88.0,,,,8.3,Hong Kong
2024-11-18,51.0,20.1,26.3,19.2,46.4,,0.5,,22.8,18.1,57.0,9.0,100.0,22.0,16.4,94.0,60.0,76.0,,,,15.2,Hong Kong
2024-11-19,61.0,17.1,20.3,18.6,44.3,,3.9,,18.5,15.5,100.0,100.0,100.0,17.5,14.0,97.0,77.0,83.0,,,,16.4,Hong Kong
2024-11-20,63.0,15.7,17.3,18.3,41.4,,21.9,,16.7,15.3,100.0,98.0,100.0,16.5,14.5,96.0,87.0,92.0,,,,15.9,Hong Kong
2024-11-21,63.0,15.6,21.7,16.9,39.2,,11.7,,18.0,15.3,75.0,1.0,100.0,17.2,13.3,97.0,71.0,85.0,,,,13.2,Hong Kong
2024-11-22,3.0,15.5,23.7,13.7,33.1,,0.0,,19.0,14.0,40.0,0.0,100.0,15.8,12.0,80.0,61.0,73.0,,,,11.7,Hong Kong
2024-11-23,51.0,15.9,20.5,12.8,30.2,,0.4,,18.6,14.1,84.0,21.0,100.0,17.2,12.0,87.0,67.0,75.0,,,,10.3,Hong Kong
2024-11-24,65.0,18.3,21.8,16.4,38.9,,76.2,,19.5,16.9,80.0,35.0,100.0,17.9,15.7,95.0,70.0,85.0,,,,12.8,Hong Kong
2024-11-25,65.0,18.6,21.4,13.7,33.8,,23.0,,20.0,18.7,83.0,38.0,100.0,19.8,17.3,96.0,86.0,92.0,,,,10.1,Hong Kong
2024-11-26,3.0,15.8,22.2,23.8,53.6,,0.0,,18.8,12.1,38.0,0.0,100.0,18.9,8.2,95.0,49.0,67.0,,,,17.6,Hong Kong
2024-11-27,3.0,12.4,20.7,16.5,39.6,,0.0,,16.3,6.2,27.0,0.0,89.0,7.6,5.1,61.0,39.0,52.0,,,,14.7,Hong Kong
2024-11-28,3.0,13.5,20.6,18.4,45.7,,0.0,,16.6,4.5,46.0,0.0,100.0,5.8,2.6,53.0,36.0,45.0,,,,16.0,Hong Kong
2024-11-29,3.0,13.0,20.2,18.5,44.6,,0.0,,16.1,4.5,23.0,0.0,92.0,8.7,1.9,60.0,35.0,47.0,,,,12.7,Hong Kong
2024-11-30,2.0,12.0,21.0,8.7,24.1,,0.0,,16.3,8.0,34.0,0.0,78.0,12.4,4.3,78.0,41.0,59.0,,,,5.7,Hong Kong
2024-12-01,3.0,14.5,21.7,10.3,28.8,,0.0,,17.7,13.4,96.0,83.0,100.0,15.6,11.1,91.0,57.0,77.0,,,,6.5,Hong Kong
2024-12-02,3.0,15.4,23.3,11.2,29.9,,0.0,,19.1,14.9,21.0,0.0,97.0,16.8,12.3,98.0,50.0,79.0,,,,7.5,Hong Kong
2024-12-03,0.0,17.3,24.7,11.3,30.2,,0.0,,20.5,16.8,4.0,0.0,15.0,18.6,15.7,94.0,58.0,81.0,,,,9.3,Hong Kong
2024-12-04,3.0,19.4,24.2,16.4,36.7,,0.0,,21.2,17.5,19.0,0.0,94.0,18.8,16.2,91.0,61.0,80.0,,,,12.4,Hong Kong
2024-12-05,2.0,18.3,23.5,13.7,35.3,,0.0,,20.4,17.4,15.0,0.0,60.0,18.6,16.5,96.0,65.0,84.0,,,,9.9,Hong Kong
2024-12-06,3.0,16.1,24.2,12.4,34.2,,0.0,,19.8,13.8,8.0,0.0,100.0,15.5,13.0,84.0,52.0,70.0,,,,9.5,Hong Kong
2024-12-07,0.0,14.1,23.4,18.1,40.0,,0.0,,18.4,12.1,2.0,0.0,14.0,13.4,9.9,83.0,51.0,68.0,,,,11.8,Hong Kong
2024-12-08,3.0,11.6,20.5,19.5,43.2,,0.0,,16.0,9.3,39.0,0.0,100.0,11.1,6.3,74.0,53.0,65.0,,,,13.8,Hong Kong
2024-12-09,3.0,13.5,21.1,13.5,30.6,,0.0,,17.3,11.1,54.0,0.0,100.0,14.6,8.3,83.0,55.0,67.0,,,,10.1,Hong Kong
2024-12-10,3.0,17.6,23.0,17.3,44.3,,0.0,,19.8,15.4,75.0,8.0,100.0,17.6,13.7,87.0,56.0,77.0,,,,13.5,Hong Kong
2024-12-11,3.0,16.8,26.2,18.4,41.8,,0.0,,21.2,14.7,87.0,33.0,100.0,17.7,9.6,88.0,53.0,67.0,,,,11.7,Hong Kong
2024-12-12,3.0,12.7,21.7,19.5,44.3,,0.0,,17.3,9.5,75.0,1.0,100.0,11.5,6.7,68.0,51.0,61.0,,,,13.4,Hong Kong
2024-12-13,3.0,12.5,19.9,21.7,50.4,,0.0,,15.9,7.4,60.0,0.0,100.0,9.8,4.5,66.0,46.0,58.0,,,,17.1,Hong Kong
2024-12-14,3.0,9.7,16.9,23.7,54.7,,0.0,,12.9,2.5,56.0,4.0,100.0,4.2,-0.1,58.0,43.0,49.0,,,,19.9,Hong Kong
2024-12-15,3.0,9.3,14.4,21.0,49.7,,0.0,,11.9,-1.0,95.0,28.0,100.0,1.9,-2.8,45.0,37.0,41.0,,,,15.0,Hong Kong
2024-12-16,3.0,11.6,18.3,13.9,31.0,,0.0,,14.2,0.8,57.0,0.0,100.0,6.2,-2.2,58.0,30.0,41.0,,,,8.5,Hong Kong
2024-12-17,3.0,12.3,21.3,10.4,29.5,,0.0,,16.4,6.3,12.0,0.0,100.0,9.3,3.9,71.0,36.0,52.0,,,,6.9,Hong Kong
2024-12-18,3.0,13.9,21.4,18.6,42.1,,0.0,,17.1,4.0,50.0,0.0,100.0,10.9,-0.1,73.0,29.0,43.0,,,,13.2,Hong Kong
2024-12-19,3.0,9.7,17.9,16.9,40.3,,0.0,,13.8,0.1,9.0,0.0,100.0,1.5,-1.7,49.0,33.0,39.0,,,,14.3,Hong Kong
2024-12-20,0.0,8.0,18.0,14.9,32.0,,0.0,,12.9,0.6,0.0,0.0,0.0,3.8,-1.0,53.0,28.0,44.0,,,,10.0,Hong Kong
2024-12-21,3.0,10.1,20.3,18.7,42.8,,0.0,,14.7,2.2,31.0,0.0,88.0,3.0,0.7,55.0,31.0,44.0,,,,12.3,Hong Kong
2024-12-22,3.0,9.8,18.2,18.4,41.4,,0.0,,14.0,3.1,95.0,57.0,100.0,8.6,-0.0,67.0,37.0,49.0,,,,13.3,Hong Kong
2024-12-23,3.0,12.1,16.0,13.5,34.2,,0.0,,13.8,4.1,100.0,100.0,100.0,7.4,1.5,58.0,46.0,52.0,,,,10.5,Hong Kong
2024-12-24,3.0,12.1,18.5,15.3,37.4,,0.0,,15.5,4.9,93.0,60.0,100.0,8.2,1.9,63.0,44.0,50.0,,,,11.8,Hong Kong
2024-12-25,3.0,14.0,21.3,13.7,34.2,,0.0,,17.0,9.3,75.0,5.0,100.0,12.2,5.4,76.0,53.0,61.0,,,,9.4,Hong Kong
2024-12-26,3.0,15.4,23.3,11.4,31.7,,0.0,,18.7,12.7,69.0,1.0,100.0,15.0,10.3,80.0,56.0,69.0,,,,8.6,Hong Kong
2024-12-27,51.0,15.6,21.3,17.3,39.2,,0.1,,18.1,10.2,59.0,0.0,100.0,13.5,5.8,74.0,49.0,60.0,,,,9.9,Hong Kong
2024-12-28,1.0,11.8,18.4,22.5,51.1,,0.0,,14.9,1.2,6.0,0.0,34.0,4.7,-1.7,50.0,31.0,40.0,,,,18.3,Hong Kong
2024-12-29,3.0,9.4,16.5,18.5,48.2,,0.0,,13.2,5.1,9.0,0.0,86.0,11.2,-1.0,83.0,43.0,59.0,,,,12.3,Hong Kong
2024-12-30,0.0,11.7,22.5,10.1,23.4,,0.0,,16.8,10.6,0.0,0.0,0.0,14.7,8.3,88.0,44.0,69.0,,,,5.9,Hong Kong
2024-12-31,3.0,13.8,22.2,17.1,37.8,,0.0,,18.2,7.3,39.0,0.0,100.0,10.5,4.8,65.0,36.0,50.0,,,,11.4,Hong Kong
2025-01-01,51.0,15.5,18.0,13.1,34.2,,0.7,,16.4,12.0,88.0,12.0,100.0,14.2,10.0,86.0,61.0,75.0,,,,10.8,Hong Kong
2025-01-02,51.0,15.2,20.5,10.7,23.8,,0.2,,17.5,11.6,68.0,0.0,100.0,14.3,8.7,83.0,50.0,69.0,,,,7.1,Hong Kong
2025-01-03,3.0,13.4,21.3,18.5,45.7,,0.0,,17.1,3.9,13.0,0.0,86.0,12.4,0.2,83.0,28.0,43.0,,,,13.1,Hong Kong
2025-01-04,53.0,11.8,19.5,14.3,39.6,,1.5,,16.0,10.1,42.0,0.0,100.0,14.5,5.4,96.0,40.0,71.0,,,,9.6,Hong Kong
2025-01-05,3.0,14.2,22.5,12.3,34.6,,0.0,,18.2,7.3,28.0,0.0,100.0,14.4,4.4,90.0,31.0,52.0,,,,8.7,Hong Kong
2025-01-06,0.0,12.5,21.4,12.2,33.5,,0.0,,16.6,6.2,0.0,0.0,0.0,12.8,3.7,85.0,32.0,52.0,,,,10.3,Hong Kong
2025-01-07,3.0,14.2,19.3,18.0,40.3,,0.0,,16.3,10.2,28.0,0.0,100.0,13.3,6.7,91.0,44.0,69.0,,,,13.2,Hong Kong
2025-01-08,3.0,14.1,21.5,14.7,35.6,,0.0,,16.9,11.2,7.0,0.0,96.0,13.8,9.1,89.0,46.0,71.0,,,,11.2,Hong Kong
2025-01-09,0.0,11.8,21.0,17.7,40.3,,0.0,,16.3,8.3,0.0,0.0,7.0,13.1,2.9,92.0,40.0,61.0,,,,10.3,Hong Kong
2025-01-10,1.0,7.9,16.6,20.8,46.8,,0.0,,12.3,0.3,2.0,0.0,31.0,1.9,-1.2,53.0,37.0,44.0,,,,16.6,Hong Kong
2025-01-11,0.0,7.5,16.2,17.0,42.5,,0.0,,11.8,-3.0,0.0,0.0,5.0,-1.5,-6.6,45.0,28.0,36.0,,,,15.3,Hong Kong
2025-01-12,2.0,8.2,18.2,15.4,38.9,,0.0,,12.8,-3.7,9.0,0.0,78.0,5.6,-7.4,63.0,17.0,34.0,,,,10.9,Hong Kong
2025-01-13,3.0,11.4,18.5,17.7,43.2,,0.0,,14.8,5.6,50.0,0.0,100.0,11.6,-1.0,82.0,29.0,57.0,,,,13.2,Hong Kong
2025-01-14,53.0,15.0,20.0,19.5,44.3,,1.0,,16.8,8.9,89.0,21.0,100.0,14.2,5.2,86.0,42.0,61.0,,,,14.3,Hong Kong
2025-01-15,53.0,15.1,21.9,19.2,47.2,,0.7,,17.7,7.1,30.0,0.0,100.0,14.3,3.1,92.0,30.0,53.0,,,,13.3,Hong Kong
2025-01-16,0.0,10.2,19.7,17.0,38.2,,0.0,,14.8,1.4,0.0,0.0,0.0,2.6,0.1,50.0,30.0,41.0,,,,13.1,Hong Kong
2025-01-17,1.0,9.5,18.6,12.6,35.3,,0.0,,13.9,2.5,3.0,0.0,27.0,9.7,-2.6,76.0,31.0,48.0,,,,9.2,Hong Kong
2025-01-18,3.0,12.1,20.1,12.6,27.7,,0.0,,15.3,7.6,27.0,0.0,99.0,10.0,4.3,84.0,36.0,62.0,,,,8.0,Hong Kong
2025-01-19,0.0,10.6,22.4,7.9,26.6,,0.0,,16.1,6.3,0.0,0.0,0.0,11.1,-0.2,89.0,23.0,57.0,,,,4.6,Hong Kong
2025-01-20,0.0,12.4,21.5,10.6,31.7,,0.0,,16.5,7.2,1.0,0.0,11.0,11.0,3.7,91.0,31.0,58.0,,,,5.6,Hong Kong
2025-01-21,3.0,14.1,19.4,17.9,45.0,,0.0,,16.6,8.5,47.0,0.0,100.0,13.0,2.5,87.0,33.0,62.0,,,,14.1,Hong Kong
2025-01-22,61.0,15.0,17.3,18.7,42.8,,13.0,,16.2,13.0,89.0,36.0,100.0,16.1,10.1,97.0,63.0,82.0,,,,13.5,Hong Kong
2025-01-23,51.0,16.1,21.2,13.6,30.6,,0.2,,17.8,14.8,68.0,6.0,100.0,16.1,14.1,94.0,64.0,83.0,,,,9.6,Hong Kong
2025-01-24,3.0,15.9,19.6,18.2,46.8,,0.0,,17.3,14.4,30.0,0.0,100.0,15.7,13.1,96.0,73.0,84.0,,,,14.3,Hong Kong
2025-01-25,3.0,15.7,19.2,23.5,56.5,,0.0,,17.1,14.3,30.0,1.0,100.0,15.4,13.4,96.0,69.0,84.0,,,,17.6,Hong Kong
2025-01-26,51.0,11.1,16.3,26.3,59.4,,0.1,,14.2,9.3,81.0,8.0,100.0,15.4,2.8,94.0,55.0,74.0,,,,18.7,Hong Kong
2025-01-27,3.0,8.0,17.1,22.5,53.6,,0.0,,12.3,0.1,29.0,0.0,100.0,2.6,-1.4,59.0,29.0,44.0,,,,17.2,Hong Kong
2025-01-28,3.0,9.3,19.6,16.7,38.2,,0.0,,14.0,-1.4,30.0,0.0,100.0,5.7,-4.7,60.0,19.0,36.0,,,,11.0,Hong Kong
2025-01-29,3.0,11.0,18.3,15.4,33.8,,0.0,,14.5,3.8,29.0,0.0,100.0,9.2,-0.2,68.0,33.0,50.0,,,,10.9,Hong Kong
2025-01-30,3.0,13.0,17.6,18.8,48.6,,0.0,,15.5,10.7,26.0,0.0,93.0,13.8,8.3,88.0,60.0,74.0,,,,16.9,Hong Kong
2025-01-31,53.0,15.5,20.4,18.9,48.2,,1.2,,17.6,11.9,70.0,14.0,100.0,15.6,9.6,95.0,52.0,70.0,,,,15.7,Hong Kong
2025-02-01,53.0,16.4,22.2,13.7,32.0,,1.1,,18.9,16.2,91.0,49.0,100.0,17.1,15.4,95.0,71.0,85.0,,,,9.6,Hong Kong
2025-02-02,3.0,16.1,20.7,17.2,42.8,,0.0,,18.2,15.6,72.0,15.0,100.0,17.0,14.1,96.0,70.0,86.0,,,,12.2,Hong Kong
2025-02-03,61.0,11.7,17.5,20.7,47.5,,2.3,,14.5,9.7,97.0,75.0,100.0,15.2,5.7,97.0,56.0,74.0,,,,15.0,Hong Kong
2025-02-04,3.0,9.1,17.6,20.9,50.0,,0.0,,12.7,6.6,67.0,1.0,100.0,10.7,4.3,89.0,49.0,68.0,,,,11.8,Hong Kong
2025-02-05,3.0,11.2,17.3,14.3,33.8,,0.0,,14.5,8.4,56.0,0.0,100.0,10.9,4.9,89.0,45.0,69.0,,,,9.4,Hong Kong
2025-02-06,3.0,14.8,20.0,15.5,41.4,,0.0,,16.8,9.4,83.0,18.0,100.0,12.3,7.5,77.0,50.0,62.0,,,,12.0,Hong Kong
2025-02-07,3.0,10.9,16.5,21.9,51.5,,0.0,,13.8,6.4,92.0,50.0,100.0,7.9,2.3,73.0,52.0,61.0,,,,16.2,Hong Kong
2025-02-08,3.0,8.3,16.2,20.1,45.7,,0.0,,12.2,-2.2,40.0,0.0,97.0,1.5,-7.4,52.0,31.0,37.0,,,,16.2,Hong Kong
2025-02-09,3.0,6.0,16.1,15.0,34.9,,0.0,,11.5,-1.1,14.0,0.0,92.0,7.9,-6.7,71.0,30.0,43.0,,,,12.2,Hong Kong
2025-02-10,3.0,11.0,19.9,17.8,40.3,,0.0,,15.3,8.0,20.0,0.0,100.0,13.5,2.0,88.0,37.0,64.0,,,,12.9,Hong Kong
2025-02-11,51.0,14.4,20.6,17.8,41.8,,0.2,,17.1,12.1,83.0,3.0,100.0,14.0,9.9,90.0,51.0,74.0,,,,14.0,Hong Kong
2025-02-12,65.0,17.0,21.7,13.9,32.4,,11.2,,18.9,16.9,99.0,85.0,100.0,18.6,14.1,99.0,80.0,89.0,,,,9.4,Hong Kong
2025-02-13,3.0,13.8,20.7,20.0,46.1,,0.0,,17.3,11.7,60.0,0.0,100.0,17.9,7.4,97.0,54.0,71.0,,,,14.0,Hong Kong
2025-02-14,51.0,15.2,18.6,14.0,35.6,,0.2,,16.5,13.5,94.0,11.0,100.0,14.7,12.4,92.0,72.0,83.0,,,,11.3,Hong Kong
2025-02-15,51.0,16.1,22.6,13.2,33.5,,0.1,,18.6,15.4,40.0,0.0,100.0,17.1,14.5,97.0,65.0,82.0,,,,8.2,Hong Kong
2025-02-16,3.0,15.7,27.6,8.3,26.6,,0.0,,20.7,16.8,36.0,1.0,83.0,18.2,15.4,98.0,49.0,80.0,,,,4.7,Hong Kong
2025-02-17,3.0,15.7,21.5,17.1,45.4,,0.0,,18.3,13.5,18.0,0.0,100.0,17.0,10.7,96.0,56.0,74.0,,,,13.1,Hong Kong
2025-02-18,3.0,15.5,21.2,15.7,42.5,,0.0,,17.5,12.1,27.0,0.0,100.0,13.9,9.6,85.0,51.0,71.0,,,,13.6,Hong Kong
2025-02-19,3.0,14.7,18.8,19.9,49.7,,0.0,,16.5,12.5,59.0,0.0,100.0,14.1,10.7,86.0,62.0,78.0,,,,16.9,Hong Kong
2025-02-20,3.0,15.6,21.4,18.2,47.5,,0.0,,17.8,13.5,27.0,0.0,100.0,15.3,12.5,90.0,57.0,77.0,,,,15.4,Hong Kong
2025-02-21,3.0,14.8,21.5,17.4,42.1,,0.0,,17.5,13.7,47.0,1.0,100.0,14.7,12.6,90.0,60.0,79.0,,,,13.1,Hong Kong
2025-02-22,51.0,15.0,18.4,19.4,47.5,,1.0,,16.4,12.6,98.0,75.0,100.0,14.8,11.0,90.0,64.0,78.0,,,,15.0,Hong Kong
2025-02-23,53.0,12.6,18.9,17.2,41.0,,1.8,,15.8,10.4,99.0,83.0,100.0,15.3,6.4,96.0,52.0,72.0,,,,13.6,Hong Kong
2025-02-24,3.0,8.8,18.2,17.3,42.1,,0.0,,13.6,7.7,40.0,3.0,100.0,11.9,4.3,81.0,52.0,68.0,,,,14.7,Hong Kong
2025-02-25,51.0,13.5,20.5,22.7,52.6,,0.2,,16.1,10.8,99.0,72.0,100.0,13.3,8.3,82.0,53.0,71.0,,,,13.1,Hong Kong
2025-02-26,53.0,14.3,20.6,12.7,32.4,,2.5,,16.4,14.0,99.0,85.0,100.0,14.8,13.2,97.0,66.0,86.0,,,,8.3,Hong Kong
2025-02-27,3.0,15.2,22.2,13.5,32.4,,0.0,,17.7,14.6,43.0,0.0,100.0,16.4,13.4,97.0,64.0,83.0,,,,10.4,Hong Kong
2025-02-28,3.0,16.1,24.0,11.9,34.6,,0.0,,19.6,16.9,40.0,0.0,100.0,18.1,15.8,99.0,67.0,85.0,,,,8.8,Hong Kong
2025-03-01,51.0,19.0,23.6,12.3,33.5,,0.1,,20.9,19.3,100.0,96.0,100.0,20.1,18.2,99.0,78.0,91.0,,,,9.9,Hong Kong
2025-03-02,51.0,20.3,26.9,11.8,31.3,,0.4,,22.9,20.5,74.0,30.0,100.0,21.8,18.9,100.0,62.0,88.0,,,,9.4,Hong Kong
2025-03-03,51.0,20.8,27.5,10.2,31.7,,0.2,,23.3,20.8,78.0,12.0,100.0,22.0,19.8,100.0,63.0,87.0,,,,7.0,Hong Kong
2025-03-04,65.0,20.3,27.0,10.8,35.6,,20.8,,22.7,21.0,87.0,45.0,100.0,21.9,20.1,100.0,71.0,91.0,,,,6.7,Hong Kong
2025-03-05,61.0,16.4,20.3,20.2,49.7,,4.8,,18.2,16.4,99.0,68.0,100.0,20.2,14.7,99.0,82.0,89.0,,,,15.7,Hong Kong
2025-03-06,53.0,10.1,16.7,19.6,46.4,,7.2,,12.8,9.6,100.0,100.0,100.0,14.3,8.0,94.0,62.0,81.0,,,,15.6,Hong Kong
2025-03-07,55.0,9.9,15.2,17.2,37.8,,7.5,,12.5,9.6,99.0,78.0,100.0,10.8,8.8,96.0,72.0,83.0,,,,13.0,Hong Kong
2025-03-08,51.0,10.6,21.1,10.0,28.4,,0.1,,15.3,11.0,57.0,1.0,100.0,14.1,7.7,93.0,59.0,76.0,,,,7.5,Hong Kong
2025-03-09,3.0,15.2,19.9,18.5,47.5,,0.0,,17.2,13.0,30.0,0.0,100.0,15.6,10.2,91.0,57.0,78.0,,,,13.2,Hong Kong
2025-03-10,3.0,15.9,23.3,13.9,37.1,,0.0,,19.0,14.9,17.0,0.0,80.0,16.7,13.1,90.0,61.0,78.0,,,,11.3,Hong Kong
2025-03-11,51.0,17.4,24.5,12.1,34.9,,0.2,,20.4,16.8,14.0,0.0,69.0,17.7,15.9,94.0,64.0,81.0,,,,9.3,Hong Kong
2025-03-12,3.0,18.3,25.7,10.7,32.8,,0.0,,21.3,18.3,42.0,0.0,100.0,19.7,16.7,94.0,68.0,83.0,,,,8.5,Hong Kong
2025-03-13,3.0,20.0,28.3,9.3,30.2,,0.0,,23.6,20.8,87.0,9.0,100.0,22.2,19.6,98.0,60.0,86.0,,,,6.3,Hong Kong
2025-03-14,3.0,20.3,24.5,12.9,34.6,,0.0,,22.0,20.1,97.0,75.0,100.0,21.9,19.3,98.0,74.0,90.0,,,,10.3,Hong Kong
2025-03-15,61.0,16.9,27.3,20.9,46.4,,5.8,,21.6,18.8,71.0,2.0,100.0,21.1,14.0,98.0,63.0,85.0,,,,9.2,Hong Kong
2025-03-16,3.0,12.8,20.4,24.8,55.8,,0.0,,16.4,7.7,19.0,0.0,99.0,12.1,6.2,77.0,42.0,58.0,,,,19.9,Hong Kong
2025-03-17,3.0,11.8,19.6,16.4,42.8,,0.0,,15.4,6.1,60.0,2.0,100.0,9.4,4.1,67.0,41.0,55.0,,,,12.0,Hong Kong
2025-03-18,51.0,13.7,21.2,14.0,37.4,,0.4,,16.4,7.2,70.0,1.0,100.0,10.4,4.4,74.0,35.0,56.0,,,,9.8,Hong Kong
2025-03-19,3.0,12.4,21.2,12.7,35.6,,0.0,,16.5,7.6,36.0,0.0,92.0,11.1,4.1,80.0,33.0,58.0,,,,7.3,Hong Kong
2025-03-20,3.0,13.9,22.6,11.7,34.9,,0.0,,18.0,10.7,32.0,0.0,93.0,14.2,6.9,92.0,37.0,65.0,,,,8.1,Hong Kong
2025-03-21,3.0,13.9,24.2,13.4,38.2,,0.0,,18.8,10.4,47.0,0.0,99.0,14.3,5.9,91.0,31.0,62.0,,,,8.3,Hong Kong
2025-03-22,3.0,15.0,25.0,10.9,33.1,,0.0,,19.7,9.7,46.0,0.0,97.0,14.2,4.2,88.0,28.0,57.0,,,,6.9,Hong Kong
2025-03-23,2.0,14.9,25.6,9.9,32.0,,0.0,,20.1,13.0,2.0,0.0,51.0,16.9,9.4,89.0,37.0,67.0,,,,5.0,Hong Kong
2025-03-24,3.0,15.9,26.9,13.0,37.8,,0.0,,20.7,16.1,8.0,0.0,100.0,18.4,13.4,99.0,45.0,78.0,,,,7.1,Hong Kong
2025-03-25,2.0,17.9,28.5,13.2,38.2,,0.0,,21.8,16.1,5.0,0.0,57.0,19.4,9.7,96.0,32.0,74.0,,,,8.5,Hong Kong
2025-03-26,3.0,19.2,25.7,15.0,42.1,,0.0,,22.3,19.0,32.0,0.0,100.0,20.4,17.9,98.0,63.0,83.0,,,,10.9,Hong Kong
2025-03-27,53.0,20.4,26.8,15.4,41.0,,4.7,,23.2,21.2,80.0,10.0,100.0,23.3,19.4,100.0,70.0,89.0,,,,10.8,Hong Kong
2025-03-28,65.0,17.4,27.0,21.0,47.5,,22.7,,23.3,22.4,95.0,55.0,100.0,23.9,16.3,100.0,77.0,95.0,,,,10.9,Hong Kong
2025-03-29,51.0,12.0,19.0,20.2,53.3,,0.2,,15.9,11.4,100.0,98.0,100.0,14.9,7.9,92.0,65.0,75.0,,,,15.1,Hong Kong
2025-03-30,63.0,10.5,16.0,15.7,38.9,,6.5,,12.2,9.1,100.0,97.0,100.0,10.6,7.6,90.0,66.0,82.0,,,,13.5,Hong Kong
2025-03-31,61.0,9.9,14.8,14.5,32.0,,4.9,,12.0,9.7,100.0,100.0,100.0,10.9,8.4,96.0,76.0,86.0,,,,11.3,Hong Kong
2025-04-01,51.0,10.3,22.1,14.2,33.1,,0.3,,15.1,10.5,71.0,0.0,100.0,14.4,7.8,89.0,54.0,76.0,,,,8.8,Hong Kong
2025-04-02,3.0,12.1,21.6,12.7,35.3,,0.0,,16.7,11.2,43.0,0.0,100.0,13.9,8.3,84.0,53.0,71.0,,,,6.5,Hong Kong
2025-04-03,0.0,15.1,24.2,11.1,30.2,,0.0,,19.0,12.5,1.0,0.0,16.0,14.1,9.9,93.0,44.0,69.0,,,,6.5,Hong Kong
2025-04-04,51.0,17.2,21.7,19.4,48.6,,0.2,,19.3,16.3,63.0,0.0,100.0,18.0,14.0,94.0,73.0,83.0,,,,14.7,Hong Kong
2025-04-05,63.0,17.9,20.8,11.4,27.0,,5.8,,19.3,18.0,98.0,56.0,100.0,18.7,16.6,97.0,87.0,92.0,,,,8.0,Hong Kong
2025-04-06,3.0,17.5,24.7,6.7,19.8,,0.0,,19.8,16.4,90.0,27.0,100.0,17.2,15.2,93.0,60.0,81.0,,,,4.6,Hong Kong
2025-04-07,3.0,17.6,23.9,14.8,38.5,,0.0,,20.3,14.8,30.0,0.0,81.0,17.5,11.5,90.0,46.0,73.0,,,,9.6,Hong Kong
2025-04-08,3.0,18.4,25.6,10.9,31.7,,0.0,,21.6,19.0,59.0,3.0,100.0,20.3,17.0,97.0,71.0,86.0,,,,7.3,Hong Kong
2025-04-09,3.0,19.7,27.0,11.6,33.5,,0.0,,22.7,20.5,71.0,1.0,100.0,21.7,19.7,100.0,66.0,88.0,,,,6.3,Hong Kong
2025-04-10,51.0,21.3,28.3,14.6,39.6,,0.1,,23.4,21.2,87.0,19.0,100.0,22.0,19.7,100.0,60.0,89.0,,,,7.5,Hong Kong
2025-04-11,53.0,20.7,26.3,16.1,41.8,,2.3,,23.5,22.0,72.0,9.0,100.0,23.5,20.5,100.0,77.0,92.0,,,,9.9,Hong Kong
2025-04-12,65.0,16.6,25.5,29.3,68.4,,16.1,,22.4,20.4,100.0,99.0,100.0,24.2,8.0,100.0,51.0,89.0,,,,18.2,Hong Kong
2025-04-13,3.0,16.6,23.3,22.3,50.8,,0.0,,19.5,6.7,96.0,68.0,100.0,11.6,2.0,66.0,32.0,44.0,,,,13.2,Hong Kong
2025-04-14,3.0,15.6,26.6,11.9,31.7,,0.0,,20.9,11.2,48.0,0.0,100.0,15.6,9.4,78.0,37.0,56.0,,,,8.0,Hong Kong
2025-04-15,3.0,18.3,31.2,16.6,43.6,,0.0,,24.2,11.7,54.0,3.0,100.0,16.4,4.0,84.0,18.0,52.0,,,,9.9,Hong Kong
2025-04-16,3.0,19.3,26.5,13.3,38.5,,0.0,,22.6,18.9,54.0,0.0,100.0,20.8,16.9,100.0,64.0,81.0,,,,10.1,Hong Kong
2025-04-17,3.0,19.9,27.0,11.5,34.6,,0.0,,23.2,19.9,98.0,79.0,100.0,21.4,18.5,100.0,60.0,83.0,,,,7.7,Hong Kong
2025-04-18,61.0,22.0,27.8,13.9,37.8,,2.6,,24.3,22.8,100.0,98.0,100.0,24.0,21.5,100.0,77.0,91.0,,,,8.7,Hong Kong
2025-04-19,53.0,23.6,28.2,17.4,44.3,,2.6,,25.2,23.8,96.0,50.0,100.0,24.4,23.1,100.0,74.0,92.0,,,,12.2,Hong Kong
2025-04-20,51.0,24.0,28.4,15.3,41.4,,2.1,,25.3,23.7,98.0,67.0,100.0,24.5,22.2,100.0,73.0,91.0,,,,10.5,Hong Kong
2025-04-21,51.0,23.4,29.0,15.9,42.5,,0.6,,25.6,23.2,80.0,32.0,100.0,24.7,22.0,100.0,67.0,88.0,,,,11.9,Hong Kong
2025-04-22,51.0,23.6,28.2,18.3,46.8,,1.8,,25.5,23.5,82.0,36.0,100.0,25.1,22.3,100.0,70.0,90.0,,,,14.1,Hong Kong
2025-04-23,51.0,24.3,29.2,18.0,47.2,,1.4,,26.2,24.1,89.0,40.0,100.0,25.0,23.1,100.0,71.0,89.0,,,,10.9,Hong Kong
2025-04-24,61.0,24.0,29.2,19.7,50.8,,4.3,,26.1,23.4,89.0,54.0,100.0,24.9,21.9,100.0,65.0,86.0,,,,12.1,Hong Kong
2025-04-25,63.0,22.3,27.3,15.0,32.4,,25.6,,24.1,23.1,96.0,36.0,100.0,23.8,22.0,100.0,81.0,95.0,,,,6.7,Hong Kong
2025-04-26,65.0,21.1,24.6,18.9,47.2,,21.2,,22.8,21.0,94.0,38.0,100.0,22.4,19.9,99.0,80.0,90.0,,,,15.5,Hong Kong
2025-04-27,51.0,22.4,26.3,17.0,41.4,,1.0,,23.9,22.0,100.0,97.0,100.0,23.4,21.0,98.0,80.0,89.0,,,,12.7,Hong Kong
2025-04-28,55.0,22.8,28.1,7.9,26.3,,5.8,,24.9,22.9,88.0,50.0,100.0,23.5,21.1,99.0,74.0,89.0,,,,4.7,Hong Kong
2025-04-29,3.0,22.4,26.2,18.7,47.5,,0.0,,24.0,19.0,41.0,1.0,97.0,21.7,16.5,95.0,57.0,75.0,,,,13.0,Hong Kong
2025-04-30,3.0,22.1,27.0,10.7,31.0,,0.0,,24.1,21.2,38.0,1.0,100.0,22.4,20.3,94.0,70.0,85.0,,,,8.4,Hong Kong
2025-05-01,63.0,22.8,27.9,5.8,23.4,,9.9,,24.8,22.9,91.0,41.0,100.0,24.1,21.9,99.0,71.0,90.0,,,,3.2,Hong Kong
2025-05-02,3.0,22.8,30.6,13.8,38.9,,0.0,,26.0,22.1,61.0,5.0,100.0,23.7,19.4,100.0,51.0,82.0,,,,7.8,Hong Kong
2025-05-03,61.0,23.3,28.4,10.2,30.2,,2.7,,25.6,23.3,59.0,18.0,100.0,24.4,22.4,98.0,72.0,87.0,,,,6.2,Hong Kong
2025-05-04,53.0,23.2,28.6,15.7,40.0,,2.7,,25.9,23.4,70.0,21.0,100.0,24.2,22.5,98.0,70.0,87.0,,,,8.3,Hong Kong
2025-05-05,51.0,24.3,29.0,14.4,37.1,,0.9,,26.5,23.5,67.0,5.0,100.0,24.8,22.7,96.0,70.0,84.0,,,,10.6,Hong Kong
2025-05-06,65.0,24.8,31.0,10.5,33.1,,13.5,,26.5,24.4,99.0,85.0,100.0,24.6,24.1,98.0,68.0,89.0,,,,5.3,Hong Kong
2025-05-07,65.0,23.6,26.9,17.7,36.0,,35.7,,25.1,23.7,100.0,99.0,100.0,24.2,23.2,100.0,83.0,92.0,,,,6.8,Hong Kong
2025-05-08,55.0,24.1,28.2,19.5,49.0,,5.5,,26.0,24.2,79.0,26.0,100.0,25.3,23.2,97.0,79.0,90.0,,,,15.9,Hong Kong
2025-05-09,65.0,24.8,31.1,12.9,30.2,,11.9,,26.8,24.8,99.0,86.0,100.0,25.7,23.0,99.0,65.0,90.0,,,,6.7,Hong Kong
2025-05-10,63.0,23.3,30.4,12.7,27.4,,14.9,,25.9,23.1,98.0,90.0,100.0,24.5,21.6,99.0,67.0,85.0,,,,5.7,Hong Kong
2025-05-11,63.0,16.5,27.3,23.1,50.4,,13.1,,22.4,17.0,97.0,33.0,100.0,21.2,14.4,93.0,51.0,73.0,,,,12.0,Hong Kong
2025-05-12,3.0,18.9,26.9,13.4,35.3,,0.0,,23.2,15.6,31.0,0.0,100.0,20.0,13.4,85.0,45.0,64.0,,,,7.7,Hong Kong
2025-05-13,2.0,22.3,26.7,15.7,39.2,,0.0,,24.3,20.6,26.0,1.0,73.0,22.4,19.7,92.0,65.0,80.0,,,,12.2,Hong Kong
2025-05-14,51.0,23.7,28.2,15.4,40.7,,0.1,,25.6,23.0,35.0,4.0,87.0,24.1,22.4,97.0,71.0,86.0,,,,11.5,Hong Kong
2025-05-15,51.0,24.4,28.9,12.4,34.9,,1.1,,26.4,24.1,73.0,14.0,100.0,25.0,23.7,98.0,75.0,88.0,,,,10.4,Hong Kong
2025-05-16,53.0,24.8,29.5,13.5,36.0,,2.5,,26.8,24.4,79.0,24.0,100.0,25.2,23.2,98.0,70.0,87.0,,,,8.3,Hong Kong
2025-05-17,51.0,24.9,30.1,9.7,30.6,,1.2,,27.1,24.9,91.0,26.0,100.0,25.6,24.1,98.0,74.0,88.0,,,,5.2,Hong Kong
2025-05-18,63.0,25.3,29.5,11.2,31.7,,4.2,,26.9,24.8,98.0,80.0,100.0,25.5,23.6,97.0,71.0,89.0,,,,5.8,Hong Kong
2025-05-19,51.0,25.3,31.3,18.5,46.8,,1.7,,27.6,24.7,78.0,22.0,100.0,25.8,23.0,97.0,62.0,85.0,,,,8.1,Hong Kong
2025-05-20,51.0,25.9,31.1,15.0,41.0,,1.4,,27.7,25.1,99.0,89.0,100.0,26.0,24.4,97.0,68.0,86.0,,,,9.0,Hong Kong
2025-05-21,55.0,26.1,31.2,14.4,40.0,,3.4,,28.1,25.1,90.0,45.0,100.0,26.1,23.9,95.0,67.0,84.0,,,,8.4,Hong Kong
2025-05-22,51.0,26.4,32.3,14.4,42.1,,1.1,,29.0,25.3,89.0,39.0,100.0,26.3,24.3,95.0,63.0,81.0,,,,8.6,Hong Kong
2025-05-23,61.0,25.5,30.6,13.4,37.1,,5.6,,27.9,25.2,96.0,14.0,100.0,26.3,23.6,93.0,71.0,86.0,,,,9.7,Hong Kong
2025-05-24,63.0,24.2,32.7,13.7,31.3,,8.3,,27.5,23.4,97.0,70.0,100.0,25.6,19.1,95.0,51.0,80.0,,,,6.9,Hong Kong
2025-05-25,51.0,22.8,28.0,13.6,36.0,,0.3,,24.9,17.7,99.0,90.0,100.0,19.3,15.2,71.0,58.0,64.0,,,,12.0,Hong Kong
2025-05-26,3.0,21.4,28.1,15.7,41.4,,0.0,,24.8,18.0,88.0,12.0,100.0,19.2,16.6,78.0,55.0,66.0,,,,10.7,Hong Kong
2025-05-27,3.0,23.6,28.8,17.5,45.7,,0.0,,26.0,19.6,64.0,7.0,100.0,21.9,16.9,81.0,49.0,69.0,,,,14.3,Hong Kong
2025-05-28,61.0,24.6,27.8,21.1,51.8,,5.5,,26.0,22.6,99.0,88.0,100.0,24.1,21.5,96.0,70.0,82.0,,,,16.2,Hong Kong
2025-05-29,63.0,24.4,27.1,18.5,39.6,,38.9,,25.3,24.2,99.0,88.0,100.0,25.1,23.5,98.0,84.0,94.0,,,,8.1,Hong Kong
2025-05-30,63.0,23.0,26.1,25.4,60.5,,9.3,,24.6,22.5,98.0,67.0,100.0,23.2,21.9,97.0,80.0,88.0,,,,19.9,Hong Kong
2025-05-31,51.0,24.1,27.4,22.7,55.1,,0.3,,25.7,22.7,99.0,88.0,100.0,24.2,21.4,92.0,75.0,84.0,,,,17.3,Hong Kong
2025-06-01,51.0,24.9,29.3,15.4,39.2,,1.0,,26.9,24.9,100.0,93.0,100.0,26.2,23.6,98.0,79.0,89.0,,,,10.2,Hong Kong
2025-06-02,63.0,25.8,31.1,13.7,39.2,,7.8,,28.2,26.6,100.0,97.0,100.0,27.5,25.2,99.0,78.0,92.0,,,,10.4,Hong Kong
2025-06-03,63.0,26.0,30.8,8.2,24.8,,20.3,,27.6,26.0,100.0,94.0,100.0,27.4,24.9,99.0,75.0,91.0,,,,4.8,Hong Kong
2025-06-04,63.0,24.6,25.9,14.8,32.0,,25.8,,25.2,24.5,100.0,100.0,100.0,25.1,23.8,99.0,91.0,96.0,,,,12.1,Hong Kong
2025-06-05,53.0,24.2,28.3,16.0,34.2,,1.4,,25.9,23.6,93.0,21.0,100.0,24.1,22.8,96.0,73.0,87.0,,,,11.3,Hong Kong
2025-06-06,3.0,24.8,29.2,10.5,29.5,,0.0,,26.8,24.4,52.0,1.0,98.0,25.3,24.0,95.0,74.0,87.0,,,,8.2,Hong Kong
2025-06-07,51.0,25.2,31.2,12.1,32.8,,0.5,,27.8,25.4,51.0,1.0,100.0,26.0,24.8,99.0,69.0,88.0,,,,6.4,Hong Kong
2025-06-08,51.0,26.2,31.8,13.2,36.0,,0.3,,28.5,25.9,95.0,61.0,100.0,27.0,25.3,96.0,69.0,86.0,,,,7.3,Hong Kong
2025-06-09,53.0,26.5,32.2,9.9,28.1,,2.0,,28.8,26.0,82.0,10.0,100.0,27.0,24.7,98.0,65.0,86.0,,,,5.8,Hong Kong
2025-06-10,53.0,26.0,31.8,16.1,41.4,,1.5,,28.5,25.6,56.0,4.0,100.0,26.4,24.6,99.0,66.0,85.0,,,,10.6,Hong Kong
2025-06-11,63.0,25.4,30.3,25.7,63.4,,19.9,,27.4,25.3,86.0,8.0,100.0,26.0,24.4,98.0,74.0,89.0,,,,20.2,Hong Kong
2025-06-12,63.0,25.0,29.5,25.4,59.4,,24.8,,26.7,24.9,88.0,39.0,100.0,25.5,24.2,98.0,77.0,90.0,,,,19.7,Hong Kong
2025-06-13,63.0,25.4,29.8,16.4,42.5,,13.7,,27.0,25.1,95.0,65.0,100.0,25.9,24.0,98.0,72.0,90.0,,,,10.9,Hong Kong
2025-06-14,63.0,25.5,29.8,30.4,72.0,,17.5,,27.4,25.3,99.0,91.0,100.0,26.2,24.4,97.0,80.0,89.0,,,,20.4,Hong Kong
2025-06-15,61.0,26.7,29.1,29.3,69.1,,12.3,,27.9,25.9,100.0,95.0,100.0,26.8,24.9,94.0,82.0,89.0,,,,24.2,Hong Kong
2025-06-16,65.0,25.1,29.0,19.6,40.3,,23.4,,27.1,25.5,98.0,76.0,100.0,26.9,24.0,98.0,83.0,91.0,,,,12.4,Hong Kong
2025-06-17,65.0,24.7,26.7,16.6,37.4,,44.4,,25.7,25.0,100.0,100.0,100.0,25.6,24.2,99.0,90.0,96.0,,,,11.0,Hong Kong
2025-06-18,53.0,25.8,29.5,17.5,42.5,,6.0,,27.4,25.4,98.0,81.0,100.0,26.3,25.0,96.0,80.0,89.0,,,,13.8,Hong Kong
2025-06-19,53.0,25.6,29.6,16.8,41.0,,4.3,,27.5,24.9,90.0,55.0,100.0,25.8,24.4,94.0,77.0,86.0,,,,12.4,Hong Kong
2025-06-20,65.0,25.3,28.3,15.4,40.3,,16.2,,26.8,24.9,100.0,99.0,100.0,25.5,24.2,96.0,82.0,89.0,,,,11.9,Hong Kong
2025-06-21,53.0,25.5,29.7,15.9,44.6,,6.2,,27.2,25.2,91.0,31.0,100.0,25.6,24.7,95.0,77.0,89.0,,,,11.1,Hong Kong
2025-06-22,51.0,26.0,29.9,13.9,37.8,,2.1,,27.6,25.3,93.0,53.0,100.0,25.9,24.6,96.0,78.0,87.0,,,,9.7,Hong Kong
2025-06-23,51.0,26.0,30.2,15.0,38.9,,1.6,,28.1,25.4,74.0,17.0,100.0,26.3,24.8,96.0,73.0,86.0,,,,11.8,Hong Kong
2025-06-24,51.0,26.5,31.6,12.1,30.2,,0.7,,28.6,25.6,77.0,0.0,100.0,26.2,25.0,95.0,69.0,84.0,,,,8.9,Hong Kong
2025-06-25,51.0,26.0,31.5,16.7,37.8,,1.1,,28.6,25.3,27.0,0.0,100.0,26.2,23.9,96.0,66.0,83.0,,,,8.9,Hong Kong
2025-06-26,65.0,25.8,28.6,16.2,38.9,,20.9,,26.9,25.1,100.0,98.0,100.0,25.9,24.5,98.0,79.0,90.0,,,,12.8,Hong Kong
2025-06-27,65.0,24.9,29.2,14.6,36.4,,23.6,,26.6,24.8,99.0,89.0,100.0,25.4,24.3,98.0,77.0,90.0,,,,9.9,Hong Kong
2025-06-28,61.0,24.9,29.2,13.8,33.8,,10.3,,26.9,24.8,99.0,91.0,100.0,25.3,24.2,97.0,77.0,89.0,,,,9.5,Hong Kong
2025-06-29,63.0,26.3,29.1,13.4,33.5,,9.2,,27.5,24.4,94.0,31.0,100.0,25.1,24.0,93.0,75.0,83.0,,,,8.9,Hong Kong
2025-06-30,61.0,25.9,28.5,19.2,46.4,,11.0,,27.1,24.4,97.0,62.0,100.0,24.8,23.6,94.0,79.0,86.0,,,,13.1,Hong Kong
2025-07-01,63.0,24.9,28.7,17.9,48.6,,14.7,,26.4,24.7,97.0,50.0,100.0,25.2,24.0,97.0,81.0,90.0,,,,13.5,Hong Kong
2025-07-02,61.0,26.0,29.9,19.3,47.2,,6.1,,27.7,25.4,72.0,8.0,100.0,26.3,24.7,95.0,74.0,88.0,,,,11.7,Hong Kong
2025-07-03,51.0,26.1,31.4,13.1,35.3,,0.4,,28.5,25.6,81.0,8.0,100.0,26.5,24.9,96.0,68.0,85.0,,,,7.9,Hong Kong
2025-07-04,3.0,26.0,28.5,6.6,18.0,,,,,,,5.0,100.0,26.0,25.3,97.0,84.0,,,,,,Hong Kong
2025-07-05,,,,,,,,,,,,,,,,,,,,,,,Hong Kong
